what state has the largest city ?	answer state loc_1 largest city all
what is the population of minnesota ?	answer population_1 stateid minnesota 
of the states washed by the mississippi river which has the lowest point ?	answer state loc_1 lowest place loc_2 state traverse_1 river riverid mississippi 
what is the population of the largest state that borders texas ?	answer population_1 largest state next_to_2 stateid texas 
what state has the smallest area ?	answer smallest_one area_1 state all
what is the highest point in the state with the capital des moines ?	answer highest place loc_2 state loc_1 capital cityid des moines _
which states have points that are higher than the highest point in texas ?	answer state loc_1 place higher_2 highest place loc_2 stateid texas 
where is indianapolis ?	answer loc_1 cityid indianapolis _
what is the largest capital ?	answer largest capital all
how many citizens in boulder ?	answer population_1 cityid boulder _
what is the smallest city in alaska ?	answer smallest city loc_2 stateid alaska 
which state has the highest peak in the country ?	answer state loc_1 highest mountain all
what are the major cities in wyoming ?	answer major city loc_2 stateid wyoming 
how many rivers are there in idaho ?	answer count river loc_2 stateid idaho 
how many people live in san francisco ?	answer population_1 cityid san francisco _
what is the biggest city in the smallest state ?	answer largest city loc_2 smallest state all
what are the highest points of states surrounding mississippi ?	answer highest place loc_2 state next_to_2 stateid mississippi 
what rivers run through louisiana ?	answer river traverse_2 stateid louisiana 
what is the state with the largest density in usa ?	answer largest_one density_1 state loc_2 countryid usa 
how many big cities are in pennsylvania ?	answer count major city loc_2 stateid pennsylvania 
where is san jose ?	answer loc_1 cityid san jose _
what is the state with the largest population density ?	answer largest_one density_1 state all
how big is texas ?	answer size stateid texas 
what is the highest point in rhode island ?	answer highest place loc_2 stateid rhode island 
what rivers are in oregon ?	answer river loc_2 stateid oregon 
what is the capital of texas ?	answer capital loc_2 stateid texas 
what is the highest point in the state with the smallest population ?	answer highest place loc_2 smallest_one population_1 state all
which state has the largest city ?	answer state loc_1 largest city all
what states does the mississippi run through ?	answer state traverse_1 riverid mississippi 
what states does the missouri river run through ?	answer state traverse_1 river riverid missouri 
what state has highest elevation ?	answer state loc_1 highest place all
what is the area of the largest state ?	answer area_1 largest state all
which states have a major city named austin ?	answer state loc_1 major city cityid austin _
what states border missouri ?	answer state next_to_2 stateid missouri 
what is the population of the capital of the largest state ?	answer population_1 capital loc_2 largest state all
name all the rivers in colorado .	answer river loc_2 stateid colorado 
what are the major cities in missouri ?	answer major city loc_2 stateid missouri 
how high is the highest point of florida ?	answer elevation_1 highest place loc_2 stateid florida 
what is the capital of maryland ?	answer capital loc_2 stateid maryland 
people in boulder ?	answer population_1 cityid boulder _
where is new hampshire ?	answer loc_1 stateid new hampshire 
what is largest capital ?	answer largest capital all
what is the highest point in florida ?	answer highest place loc_2 stateid florida 
how many citizens in alabama ?	answer population_1 stateid alabama 
how many states does the mississippi run through ?	answer count state traverse_1 riverid mississippi 
what is the capital of maine ?	answer capital loc_2 stateid maine 
what is the population of montana ?	answer population_1 stateid montana 
what is the average population of the us by state ?	answer density_1 countryid usa 
what is the smallest state by area ?	answer smallest_one area_1 state all
which states does the missouri river pass through ?	answer state traverse_1 river riverid missouri 
what is the tallest mountain in america ?	answer highest mountain loc_2 countryid usa 
what river traverses the most states ?	answer most river traverse_2 state all
how many people live in chicago ?	answer population_1 cityid chicago _
what are the populations of the states through which the mississippi river runs ?	answer population_1 state traverse_1 river riverid mississippi 
what state is the biggest ?	answer largest state all
where is mount whitney ?	answer loc_1 placeid mount whitney 
what is the capital city of the largest state in the us ?	answer capital city loc_2 largest state loc_2 countryid usa 
what is the population density in the state with capital austin ?	answer density_1 state loc_1 capital cityid austin _
what is the population of sacramento ?	answer population_1 cityid sacramento _
what states border the states with the most cities ?	answer state next_to_2 most state loc_1 city all
what is the city with the smallest population ?	answer smallest_one population_1 city all
how many states have a city called rochester ?	answer count state loc_1 city cityid rochester _
can you tell me the capital of texas ?	answer capital loc_2 stateid texas 
what is the largest city in alabama ?	answer largest city loc_2 stateid alabama 
what state is dallas in ?	answer state loc_1 cityid dallas _
how many major cities are there ?	answer count major city all
show me all the major lakes in the us .	answer major lake loc_2 countryid usa 
what rivers run through the states that border the state with the capital atlanta ?	answer river traverse_2 state next_to_2 state loc_1 capital cityid atlanta _
what rivers run through the state with the lowest point in the usa ?	answer river traverse_2 state loc_1 lowest place loc_2 countryid usa 
what are the states ?	answer state all
which rivers are in alaska ?	answer river loc_2 stateid alaska 
what is the population of austin ?	answer population_1 cityid austin _
how many people live in south dakota ?	answer population_1 stateid south dakota 
what are the lakes in states bordering texas ?	answer lake loc_2 state next_to_2 stateid texas 
what is the height of the highest point in the usa ?	answer elevation_1 highest place loc_2 countryid usa 
what is the population of the major cities in wisconsin ?	answer population_1 major city loc_2 stateid wisconsin 
what state has the highest population ?	answer largest_one population_1 state all
number of citizens in boulder ?	answer population_1 cityid boulder _
what are the major cities of the united states ?	answer major city loc_2 countryid usa 
which state is kalamazoo in ?	answer state loc_1 cityid kalamazoo _
what is the shortest river in nebraska ?	answer shortest river loc_2 stateid nebraska 
what is the population density of wyoming ?	answer density_1 stateid wyoming 
what is the shortest river in the united states ?	answer shortest river loc_2 countryid usa 
what is the longest river that flows through colorado ?	answer longest river traverse_2 stateid colorado 
what state has the city with the most population ?	answer state loc_1 largest_one population_1 city all
which states border states through which the mississippi traverses ?	answer state next_to_2 state traverse_1 riverid mississippi 
what are the rivers of montana ?	answer river loc_2 stateid montana 
what are the capital cities of the states which border texas ?	answer capital city loc_2 state next_to_2 stateid texas 
how many major rivers cross ohio ?	answer count major river traverse_2 stateid ohio 
what is the largest city in missouri ?	answer largest city loc_2 stateid missouri 
what is the lowest point in the united states ?	answer lowest place loc_2 countryid usa 
what states have no bordering state ?	answer exclude state all next_to_2 state all
what is the biggest city in nebraska ?	answer largest city loc_2 stateid nebraska 
what state has the most people ?	answer largest_one population_1 state all
how many people live in spokane washington ?	answer population_1 cityid spokane wa 
where is the lowest spot in iowa ?	answer lowest place loc_2 stateid iowa 
what state borders michigan ?	answer state next_to_2 stateid michigan 
what state is columbus the capital of ?	answer state loc_1 capital cityid columbus _
how many major cities are in florida ?	answer count major city loc_2 stateid florida 
which rivers run through states bordering new mexico ?	answer river traverse_2 state next_to_2 stateid new mexico 
what is the height of mount mckinley ?	answer elevation_1 placeid mount mckinley 
what is the largest city in a state that borders texas ?	answer largest city loc_2 state next_to_2 stateid texas 
how many rivers are in colorado ?	answer count river loc_2 stateid colorado 
what is the population of idaho ?	answer population_1 stateid idaho 
how many states have a city named springfield ?	answer count state loc_1 city cityid springfield _
what is the longest river in the smallest state in the usa ?	answer longest river loc_2 smallest state loc_2 countryid usa 
what are the populations of the states through which the mississippi runs ?	answer population_1 state traverse_1 riverid mississippi 
how many people are there in new york ?	answer population_1 stateid new york 
what is the combined population of all 50 states ?	answer sum population_1 state all
what is the length of the river that runs through the most number of states ?	answer len most river traverse_2 state all
what are the neighboring states for michigan ?	answer state next_to_2 stateid michigan 
what are the major cities in the smallest state in the us ?	answer major city loc_2 smallest state loc_2 countryid usa 
what are the major cities of texas ?	answer major city loc_2 stateid texas 
how long is the mississippi ?	answer len riverid mississippi 
how many states have cities named austin ?	answer count state loc_1 city cityid austin _
give me all the states of usa .	answer state loc_2 countryid usa 
where is springfield ?	answer loc_1 cityid springfield _
what is the area of maryland in square kilometers ?	answer area_1 stateid maryland 
which state contains most rivers ?	answer most state loc_1 river all
what is the state with the lowest population density ?	answer smallest_one density_1 state all
what states border alaska ?	answer state next_to_2 stateid alaska 
which state has the most rivers running through it ?	answer most state traverse_1 river all
which is the shortest river ?	answer shortest river all
how many rivers are there in us ?	answer count river loc_2 countryid usa 
what is the highest elevation in new mexico ?	answer highest place loc_2 stateid new mexico 
name the 50 capitals in the usa .	answer capital loc_2 countryid usa 
what state has the least population density ?	answer smallest_one density_1 state all
what is the largest state traversed by the mississippi river ?	answer largest state traverse_1 river riverid mississippi 
what is the population of new york ?	answer population_1 stateid new york 
what is the largest state ?	answer largest state all
what are major rivers in texas ?	answer major river loc_2 stateid texas 
what is the area of texas ?	answer area_1 stateid texas 
where is fort wayne ?	answer loc_1 cityid fort wayne _
what is the shortest river in texas ?	answer shortest river loc_2 stateid texas 
what rivers flow through states that alabama borders ?	answer river traverse_2 state next_to_1 stateid alabama 
which rivers flow through alaska ?	answer river traverse_2 stateid alaska 
what are the populations of states through which the mississippi river runs ?	answer population_1 state traverse_1 river riverid mississippi 
what are the major cities in the largest state ?	answer major city loc_2 largest state all
which states border iowa ?	answer state next_to_2 stateid iowa 
what are the major cities in rhode island ?	answer major city loc_2 stateid rhode island 
what state has the sparsest population density ?	answer smallest_one density_1 state all
in which state is rochester ?	answer state loc_1 cityid rochester _
what is the capital of hawaii ?	answer capital loc_2 stateid hawaii 
what is the biggest state ?	answer largest state all
what is the shortest river in iowa ?	answer shortest river loc_2 stateid iowa 
what is the area of all the states combined ?	answer sum area_1 state all
what are the major cities in kansas ?	answer major city loc_2 stateid kansas 
what states border arkansas ?	answer state next_to_2 stateid arkansas 
what are the major cities in delaware ?	answer major city loc_2 stateid delaware 
what is the highest point in the country ?	answer highest place loc_2 countryid usa 
sacramento is the capital of which state ?	answer state loc_1 capital cityid sacramento _
what states border the mississippi river ?	answer state next_to_2 river riverid mississippi 
what is the area of alaska ?	answer area_1 stateid alaska 
how many states does the missouri river run through ?	answer count state traverse_1 river riverid missouri 
what city has the largest population ?	answer largest_one population_1 city all
how large is the largest city in alaska ?	answer size largest city loc_2 stateid alaska 
what states border states which the mississippi runs through ?	answer state next_to_2 state traverse_1 riverid mississippi 
which states does not border texas ?	answer exclude state all next_to_2 stateid texas 
give me the lakes in california .	answer lake loc_2 stateid california 
how many major cities are there in oregon ?	answer count major city loc_2 stateid oregon 
how many people live in kansas ?	answer population_1 stateid kansas 
what is the capital of the state with the highest elevation ?	answer capital loc_2 state loc_1 highest place all
what is the longest river in the united states ?	answer longest river loc_2 countryid usa 
how long is the mississippi river in miles ?	answer len river riverid mississippi 
where is baton rouge ?	answer loc_1 cityid baton rouge _
how many states does the mississippi river run through ?	answer count state traverse_1 river riverid mississippi 
name the states which have no surrounding states .	answer exclude state all next_to_2 state all
what is the length of the river that traverses the most states ?	answer len most river traverse_2 state all
what is the population of boston massachusetts ?	answer population_1 cityid boston ma 
what is the most populated state bordering oklahoma ?	answer largest_one population_1 state next_to_2 stateid oklahoma 
what is the size of texas ?	answer size stateid texas 
how many major cities are in states bordering nebraska ?	answer count major city loc_2 state next_to_2 stateid nebraska 
how many states border the state that borders the most states ?	answer count state next_to_2 most state next_to_2 state all
what is the capital of indiana ?	answer capital loc_2 stateid indiana 
which states adjoin alabama ?	answer state next_to_2 stateid alabama 
what is the longest river in pennsylvania ?	answer longest river loc_2 stateid pennsylvania 
what cities in texas have the highest number of citizens ?	answer largest_one population_1 city loc_2 stateid texas 
what rivers run through west virginia ?	answer river traverse_2 stateid west virginia 
what city has the least population ?	answer smallest_one population_1 city all
how many states border the largest state ?	answer count state next_to_2 largest state all
how many people are in the state of nevada ?	answer population_1 state stateid nevada 
what is the elevation of the highest point in the usa ?	answer elevation_1 highest place loc_2 countryid usa 
what is the population of washington dc ?	answer population_1 cityid washington dc 
what is the capital of washington ?	answer capital loc_2 stateid washington 
in which state does the highest point in usa exist ?	answer state loc_1 highest place loc_2 countryid usa 
what is the smallest city in washington ?	answer smallest city loc_2 stateid washington 
what is the capital of utah ?	answer capital loc_2 stateid utah 
what is the population of seattle washington ?	answer population_1 cityid seattle wa 
what is the highest point of the state with the largest area ?	answer highest place loc_2 largest_one area_1 state all
how many states are there in united states ?	answer count state loc_2 countryid usa 
what is the biggest city in the us ?	answer largest city loc_2 countryid usa 
name the rivers in arkansas .	answer river loc_2 stateid arkansas 
what is the population in boston ?	answer population_1 cityid boston _
how big is new mexico ?	answer size stateid new mexico 
how many people are there in iowa ?	answer population_1 stateid iowa 
what texas city has the largest population ?	answer largest_one population_1 city loc_2 stateid texas 
what is the population of arizona ?	answer population_1 stateid arizona 
which states border new york ?	answer state next_to_2 stateid new york 
what is the size of california ?	answer size stateid california 
how high is the highest point in the largest state ?	answer elevation_1 highest place loc_2 largest state all
what are the major cities in texas ?	answer major city loc_2 stateid texas 
what is the population of denver ?	answer population_1 cityid denver _
through which states does the mississippi flow ?	answer state traverse_1 riverid mississippi 
what are the major cities in ohio ?	answer major city loc_2 stateid ohio 
what is the longest river in texas ?	answer longest river loc_2 stateid texas 
which states border michigan ?	answer state next_to_2 stateid michigan 
what is the smallest city in arkansas ?	answer smallest city loc_2 stateid arkansas 
what is the shortest river in alaska ?	answer shortest river loc_2 stateid alaska 
how many rivers are in new york ?	answer count river loc_2 stateid new york 
what is the biggest state in the usa ?	answer largest state loc_2 countryid usa 
what states does the shortest river run through ?	answer state traverse_1 shortest river all
what state has the largest urban population ?	answer largest_one population_1 state all
where is san diego ?	answer loc_1 cityid san diego _
which state has the most people ?	answer largest_one population_1 state all
which river runs through the most states ?	answer most river traverse_2 state all
what is the largest state bordering texas ?	answer largest state next_to_2 stateid texas 
what river flows through texas ?	answer river traverse_2 stateid texas 
what state is pittsburgh in ?	answer state loc_1 cityid pittsburgh _
what is the area of new mexico ?	answer area_1 stateid new mexico 
what is the area of idaho ?	answer area_1 stateid idaho 
what is the area of the states ?	answer area_1 state all
what rivers run through austin texas ?	answer river traverse_2 cityid austin tx 
how many states have cities or towns named springfield ?	answer count state loc_1 city cityid springfield _
how many states in the us does the shortest river run through ?	answer count intersection state loc_2 countryid usa traverse_1 shortest river all
what is the largest state in usa ?	answer largest state loc_2 countryid usa 
what is the longest river in the us ?	answer longest river loc_2 countryid usa 
how long is rio grande ?	answer len riverid rio grande 
what is the highest point in kansas ?	answer highest place loc_2 stateid kansas 
how many people live in the smallest state bordering wyoming ?	answer population_1 smallest state next_to_2 stateid wyoming 
what is the major cities in montana ?	answer major city loc_2 stateid montana 
what is the longest river in california ?	answer longest river loc_2 stateid california 
which state is the largest city in montana in ?	answer state loc_1 largest city loc_2 stateid montana 
what is the highest mountain in alaska ?	answer highest mountain loc_2 stateid alaska 
what river flows through kansas ?	answer river traverse_2 stateid kansas 
what are the states that border the state with the greatest population ?	answer state next_to_2 largest_one population_1 state all
which states does the mississippi river run through ?	answer state traverse_1 river riverid mississippi 
what is the biggest city in arizona ?	answer largest city loc_2 stateid arizona 
how many citizens live in california ?	answer population_1 stateid california 
what is the population of the largest state ?	answer population_1 largest state all
give me the longest river that passes through the us .	answer longest river traverse_2 countryid usa 
what is the longest river that does not run through texas ?	answer longest exclude river all traverse_2 stateid texas 
what state has the city flint ?	answer state loc_1 city cityid flint _
what is the highest point in the state with capital des moines ?	answer highest place loc_2 state loc_1 capital cityid des moines _
what rivers flow through the state with the largest population ?	answer river traverse_2 largest_one population_1 state all
what is the smallest state bordering ohio ?	answer smallest state next_to_2 stateid ohio 
which states border arizona ?	answer state next_to_2 stateid arizona 
what states neighbor maine ?	answer state next_to_2 stateid maine 
what is the largest city in wisconsin ?	answer largest city loc_2 stateid wisconsin 
what is the largest state that borders the state with the highest population ?	answer largest state next_to_2 largest_one population_1 state all
what river is the longest one in the united states ?	answer longest river loc_2 countryid usa 
what state has the smallest population density ?	answer smallest_one density_1 state all
what is the highest point in each state whose lowest point is sea level ?	answer highest place loc_2 state loc_1 place elevation_2 0
what is the capital of vermont ?	answer capital loc_2 stateid vermont 
how many cities are there in us ?	answer count city loc_2 countryid usa 
which is the lowest point of the states that the mississippi runs through ?	answer lowest place loc_2 state traverse_1 riverid mississippi 
what is the highest elevation in south carolina ?	answer highest place loc_2 stateid south carolina 
what is the highest point in the smallest state ?	answer highest place loc_2 smallest state all
what state borders the least states excluding alaska and excluding hawaii ?	answer fewest state next_to_2 exclude exclude state all stateid alaska stateid hawaii 
what are the names of the major cities in illinois ?	answer major city loc_2 stateid illinois 
how many major cities are in arizona ?	answer count major city loc_2 stateid arizona 
where is austin ?	answer loc_1 cityid austin _
what are the major rivers in the us ?	answer major river loc_2 countryid usa 
which states border alabama ?	answer state next_to_2 stateid alabama 
what states are next to texas ?	answer state next_to_2 stateid texas 
how many people live in the state with the largest population density ?	answer population_1 largest_one density_1 state all
what states have towns named springfield ?	answer state loc_1 city cityid springfield _
could you tell me what is the highest point in the state of oregon ?	answer highest place loc_2 state stateid oregon 
what are the capitals of the states that border texas ?	answer capital loc_2 state next_to_2 stateid texas 
what cities are located in pennsylvania ?	answer city loc_2 stateid pennsylvania 
how many states border tennessee ?	answer count state next_to_2 stateid tennessee 
which states does the missouri river run through ?	answer state traverse_1 river riverid missouri 
what state is the state with the most rivers ?	answer state most state loc_1 river all
what is the biggest city in oregon ?	answer largest city loc_2 stateid oregon 
what is the population of texas ?	answer population_1 stateid texas 
which state has the sparsest population density ?	answer smallest_one density_1 state all
what states does the colorado river run through ?	answer state traverse_1 river riverid colorado 
what are the states that the potomac runs through ?	answer state traverse_1 riverid potomac 
what state borders the least states ?	answer fewest state next_to_2 state all
what is the river that cross over ohio ?	answer river traverse_2 stateid ohio 
how many states border on the state whose capital is boston ?	answer count state next_to_2 state loc_1 capital cityid boston _
what major rivers run through illinois ?	answer major river traverse_2 stateid illinois 
how high is the highest point in montana ?	answer elevation_1 highest place loc_2 stateid montana 
give me the cities which are in texas .	answer city loc_2 stateid texas 
which states border texas ?	answer state next_to_2 stateid texas 
how many people live in washington dc ?	answer population_1 cityid washington dc 
how many people in boulder ?	answer population_1 cityid boulder _
what are the populations of states through which the mississippi runs ?	answer population_1 state traverse_1 riverid mississippi 
what states in the united states have a city of springfield ?	answer intersection state loc_2 countryid usa loc_1 city cityid springfield _
how many people live in new mexico ?	answer population_1 stateid new mexico 
name the longest river in us .	answer longest river loc_2 countryid usa 
what state borders the state with the smallest population ?	answer state next_to_2 smallest_one population_1 state all
what is the biggest state in continental us ?	answer largest state loc_2 countryid usa 
show major cities in colorado .	answer major city loc_2 stateid colorado 
what rivers flow through the largest state ?	answer river traverse_2 largest state all
what is the population of the capital of the largest state through which the mississippi runs ?	answer population_1 capital loc_2 largest state traverse_1 riverid mississippi 
what is the area of california ?	answer area_1 stateid california 
what is the capital of the alabama state ?	answer capital loc_2 state stateid alabama 
what state has the most rivers running through it ?	answer most state traverse_1 river all
where is massachusetts ?	answer loc_1 stateid massachusetts 
what is the population of seattle ?	answer population_1 cityid seattle _
what rivers do not run through tennessee ?	answer exclude river all traverse_2 stateid tennessee 
which states border colorado ?	answer state next_to_2 stateid colorado 
what is the size of the capital of texas ?	answer size capital loc_2 stateid texas 
what states border delaware ?	answer state next_to_2 stateid delaware 
how many major cities are in states bordering utah ?	answer count major city loc_2 state next_to_2 stateid utah 
what is the lowest point in the state of texas ?	answer lowest place loc_2 state stateid texas 
what is the population density of texas ?	answer density_1 stateid texas 
where is the highest point in montana ?	answer highest place loc_2 stateid montana 
how many states border the mississippi river ?	answer count state next_to_2 river riverid mississippi 
which state borders most states ?	answer most state next_to_2 state all
what are the major cities in oklahoma ?	answer major city loc_2 stateid oklahoma 
what is the area of the state with the capital albany ?	answer area_1 state loc_1 capital cityid albany _
what is the most populous city in wyoming ?	answer largest_one population_1 city loc_2 stateid wyoming 
give me the cities in usa .	answer city loc_2 countryid usa 
how many people live in montana ?	answer population_1 stateid montana 
what states border states that the mississippi runs through ?	answer state next_to_2 state traverse_1 riverid mississippi 
what is the highest point in the united states ?	answer highest place loc_2 countryid usa 
what state s capital is dover ?	answer state capital_2 cityid dover _
which state border kentucky ?	answer state next_to_2 stateid kentucky 
how high is the highest point of louisiana ?	answer elevation_1 highest place loc_2 stateid louisiana 
what mountains are in alaska ?	answer mountain loc_2 stateid alaska 
what is the shortest river ?	answer shortest river all
what states border states that border colorado ?	answer state next_to_2 state next_to_2 stateid colorado 
what is the city in texas with the largest population ?	answer largest_one population_1 city loc_2 stateid texas 
how high are the highest points of all the states ?	answer elevation_1 highest place loc_2 state all
what is the population of atlanta ?	answer population_1 cityid atlanta _
what is the longest river flowing through new york ?	answer longest river traverse_2 stateid new york 
what is the population of the capital of the smallest state ?	answer population_1 capital loc_2 smallest state all
what states border new hampshire ?	answer state next_to_2 stateid new hampshire 
what is the highest point in new mexico ?	answer highest place loc_2 stateid new mexico 
what is the lowest point of the us ?	answer lowest place loc_2 countryid usa 
how many people stay in utah ?	answer population_1 stateid utah 
name the major lakes in michigan .	answer major lake loc_2 stateid michigan 
how long is the rio grande river ?	answer len river riverid rio grande 
what is the biggest city in wyoming ?	answer largest city loc_2 stateid wyoming 
how many rivers are in missouri ?	answer count river loc_2 stateid missouri 
what rivers run through colorado ?	answer river traverse_2 stateid colorado 
what is the area of the state with the smallest population density ?	answer area_1 smallest_one density_1 state all
what is the number of neighboring states for kentucky ?	answer count state next_to_2 stateid kentucky 
what is the area of maine ?	answer area_1 stateid maine 
how big is north dakota ?	answer size stateid north dakota 
what is the population of austin texas ?	answer population_1 cityid austin tx 
what is the largest city in states that border california ?	answer largest city loc_2 state next_to_2 stateid california 
what s the largest city ?	answer largest city all
what is the biggest river in illinois ?	answer longest river loc_2 stateid illinois 
what is the lowest point in louisiana ?	answer lowest place loc_2 stateid louisiana 
how many states does the colorado river run through ?	answer count state traverse_1 river riverid colorado 
what is the population of rhode island ?	answer population_1 stateid rhode island 
what is the smallest city in the largest state ?	answer smallest city loc_2 largest state all
what is the population of springfield missouri ?	answer population_1 cityid springfield mo 
how many states are in the united states ?	answer count state loc_2 countryid usa 
what is the length of the colorado river in texas ?	answer len intersection riverid colorado river loc_2 stateid texas 
give me the cities in virginia .	answer city loc_2 stateid virginia 
which states have points higher than the highest point in colorado ?	answer state loc_1 place higher_2 highest place loc_2 stateid colorado 
which rivers run through the state with the largest city in the us ?	answer river traverse_2 state loc_1 largest city loc_2 countryid usa 
what is the area of the smallest state ?	answer area_1 smallest state all
what is the population of the state with the largest area ?	answer population_1 largest_one area_1 state all
what are the major cities in new mexico ?	answer major city loc_2 stateid new mexico 
how many people live in new hampshire ?	answer population_1 stateid new hampshire 
what rivers flow through missouri ?	answer river traverse_2 stateid missouri 
what state has the most major rivers running through it ?	answer most state traverse_1 major river all
what is the largest state that borders the state with the lowest point in the usa ?	answer largest state next_to_2 state loc_1 lowest place loc_2 countryid usa 
what is the state with the lowest point ?	answer state loc_1 lowest place all
what is the smallest state that borders texas ?	answer smallest state next_to_2 stateid texas 
what are the biggest rivers in texas ?	answer longest river loc_2 stateid texas 
what is the longest river in mississippi ?	answer longest river loc_2 stateid mississippi 
what are the populations of the states through which the mississippi runs ?	answer population_1 state traverse_1 riverid mississippi 
what is the capital of the state that borders the most states ?	answer capital loc_2 most state next_to_2 state all
how many states have major rivers ?	answer count state loc_1 major river all
how many people live in new york ?	answer population_1 stateid new york 
which states border south dakota ?	answer state next_to_2 stateid south dakota 
what state has the smallest population ?	answer smallest_one population_1 state all
what state has the shortest river ?	answer state loc_1 shortest river all
what states border hawaii ?	answer state next_to_2 stateid hawaii 
how many cities does texas have ?	answer count city loc_2 stateid texas 
what is the capital of georgia ?	answer capital loc_2 stateid georgia 
what is the shortest river in the us ?	answer shortest river loc_2 countryid usa 
what is the population of atlanta ga ?	answer population_1 cityid atlanta ga 
what is the largest city in michigan ?	answer largest city loc_2 stateid michigan 
how many people live in washington ?	answer population_1 stateid washington 
what is the size of the largest state in the usa ?	answer size largest state loc_2 countryid usa 
what is the most populated capital in the usa ?	answer largest_one population_1 capital loc_2 countryid usa 
what is capital of iowa ?	answer capital loc_2 stateid iowa 
what states border wisconsin ?	answer state next_to_2 stateid wisconsin 
what is the lowest point of colorado ?	answer lowest place loc_2 stateid colorado 
what are the major cities in north carolina ?	answer major city loc_2 stateid north carolina 
what is the height of the highest mountain in texas ?	answer elevation_1 highest mountain loc_2 stateid texas 
what is the state with the highest elevation in the united states ?	answer state loc_1 highest place loc_2 countryid usa 
which state has the smallest area that borders texas ?	answer smallest_one area_1 state next_to_2 stateid texas 
what state has the largest population density ?	answer largest_one density_1 state all
which states border the longest river in the usa ?	answer state next_to_2 longest river loc_2 countryid usa 
give me the cities in texas .	answer city loc_2 stateid texas 
how many rivers are there in texas ?	answer count river loc_2 stateid texas 
where is new orleans ?	answer loc_1 cityid new orleans _
what is the biggest city in the usa ?	answer largest city loc_2 countryid usa 
what is the total population of the states that border texas ?	answer sum population_1 state next_to_2 stateid texas 
how many people live in austin texas ?	answer population_1 cityid austin tx 
name all the lakes of us .	answer lake loc_2 countryid usa 
what is the highest point in ohio ?	answer highest place loc_2 stateid ohio 
what are the populations of all the major cities in montana ?	answer population_1 major city loc_2 stateid montana 
what states have a city named austin ?	answer state loc_1 city cityid austin _
how many rivers are called colorado ?	answer count river riverid colorado 
what is the population density of the smallest state ?	answer density_1 smallest state all
what is the smallest city of the smallest state in the us ?	answer smallest city loc_2 smallest state loc_2 countryid usa 
how long is the mississippi river ?	answer len river riverid mississippi 
what is the shortest river in the usa ?	answer shortest river loc_2 countryid usa 
how many states border hawaii ?	answer count state next_to_2 stateid hawaii 
what is the population density of south dakota ?	answer density_1 stateid south dakota 
what state has the smallest capital ?	answer state loc_1 smallest capital all
how many rivers are in the state with the highest point ?	answer count river loc_2 state loc_1 highest place all
what is the largest city in texas ?	answer largest city loc_2 stateid texas 
what is the capital of new hampshire ?	answer capital loc_2 stateid new hampshire 
what states are next to the mississippi ?	answer state next_to_2 stateid mississippi 
what are the rivers in the state of texas ?	answer river loc_2 state stateid texas 
what states border georgia ?	answer state next_to_2 stateid georgia 
how many states border at least one other state ?	answer count state next_to_2 state all
what state has the capital salem ?	answer state loc_1 capital cityid salem _
what states border texas ?	answer state next_to_2 stateid texas 
what rivers flow though colorado ?	answer river traverse_2 stateid colorado 
what is the length of the longest river in the usa ?	answer len longest river loc_2 countryid usa 
how high is guadalupe peak ?	answer elevation_1 placeid guadalupe peak 
what is the capital of michigan ?	answer capital loc_2 stateid michigan 
what is the elevation of death valley ?	answer elevation_1 placeid death valley 
what rivers run through arizona ?	answer river traverse_2 stateid arizona 
how many rivers does alaska have ?	answer count river loc_2 stateid alaska 
which states do colorado river flow through ?	answer state traverse_1 river riverid colorado 
what are the populations of the states through which the mississippi river runs ?	answer population_1 state traverse_1 river riverid mississippi 
what are the major cities in california ?	answer major city loc_2 stateid california 
what is the lowest point in wisconsin ?	answer lowest place loc_2 stateid wisconsin 
how many cities are in montana ?	answer count city loc_2 stateid montana 
how many states does the colorado river flow through ?	answer count state traverse_1 river riverid colorado 
how many cities are in louisiana ?	answer count city loc_2 stateid louisiana 
what states have rivers named colorado ?	answer state loc_1 river riverid colorado 
what river runs through virginia ?	answer river traverse_2 stateid virginia 
what state is austin the capital of ?	answer state loc_1 capital cityid austin _
which states border hawaii ?	answer state next_to_2 stateid hawaii 
what is the average population per square km in pennsylvania ?	answer density_1 stateid pennsylvania 
what is the highest point in the state with the most rivers ?	answer highest place loc_2 most state traverse_1 river all
what state borders most other states ?	answer most state next_to_2 state all
what is the population density of the state with the smallest area ?	answer density_1 smallest_one area_1 state all
what state is boston in ?	answer state loc_1 cityid boston _
what is the state that contains the highest point ?	answer state loc_1 highest place all
what is the population of south dakota ?	answer population_1 stateid south dakota 
how many states border texas ?	answer count state next_to_2 stateid texas 
what is the capital of the state texas ?	answer capital loc_2 state stateid texas 
what state has the highest population density ?	answer largest_one density_1 state all
what is the population of portland maine ?	answer population_1 cityid portland me 
how many rivers in washington ?	answer count river loc_2 stateid washington 
how many states are next to major rivers ?	answer count state next_to_2 major river all
give me the largest state .	answer largest state all
what state has the greatest population density ?	answer largest_one density_1 state all
how big is the city of new york ?	answer size city cityid new york _
what state which the mississippi runs through has the largest population ?	answer largest_one population_1 state traverse_1 riverid mississippi 
what river runs through the most states ?	answer most river traverse_2 state all
what can you tell me about the population of missouri ?	answer population_1 stateid missouri 
how many inhabitants does montgomery have ?	answer population_1 cityid montgomery _
what is the adjacent state of california ?	answer state next_to_2 stateid california 
how many people live in california ?	answer population_1 stateid california 
where is mount whitney located ?	answer loc_1 placeid mount whitney 
what river runs through illinois ?	answer river traverse_2 stateid illinois 
which states does the longest river cross ?	answer state traverse_1 longest river all
how many rivers run through the states bordering colorado ?	answer count river traverse_2 state next_to_2 stateid colorado 
what is the lowest point in california ?	answer lowest place loc_2 stateid california 
which state has the largest density ?	answer largest_one density_1 state all
how big is alaska ?	answer size stateid alaska 
how many cities are there in the us ?	answer count city loc_2 countryid usa 
what is the population density of the state with the smallest population ?	answer density_1 smallest_one population_1 state all
where is scotts valley ?	answer loc_1 cityid scotts valley _
what is the highest point in texas ?	answer highest place loc_2 stateid texas 
what state has the largest population ?	answer largest_one population_1 state all
which state has the longest river ?	answer state loc_1 longest river all
what is the largest city of kansas ?	answer largest city loc_2 stateid kansas 
what is the total area of the usa ?	answer area_1 countryid usa 
how high is the highest point of delaware ?	answer elevation_1 highest place loc_2 stateid delaware 
what state s high point is higher than that of colorado ?	answer state high_point_2 higher_2 high_point_1 stateid colorado 
what is the population of california ?	answer population_1 stateid california 
what rivers flow through states that border the state with the largest population ?	answer river traverse_2 state next_to_2 largest_one population_1 state all
how many people live in texas ?	answer population_1 stateid texas 
what states have a capital that is the highest point in the state ?	answer state loc_1 capital highest place all
how many major cities are in texas ?	answer count major city loc_2 stateid texas 
how long is the missouri river ?	answer len river riverid missouri 
what is the tallest mountain in the united states ?	answer highest mountain loc_2 countryid usa 
what is the average population per square km in the us ?	answer density_1 countryid usa 
what are the major cities of the us ?	answer major city loc_2 countryid usa 
how many rivers are in the state with the largest population ?	answer count river loc_2 largest_one population_1 state all
which state borders florida ?	answer state next_to_2 stateid florida 
what capital has the largest population ?	answer largest_one population_1 capital all
how many states does missouri border ?	answer count state next_to_1 stateid missouri 
what is the population of illinois ?	answer population_1 stateid illinois 
what states border ohio ?	answer state next_to_2 stateid ohio 
population of boulder ?	answer population_1 cityid boulder _
what is the population of springfield south dakota ?	answer population_1 cityid springfield sd 
give me the cities in virginia .	answer city loc_2 stateid virginia 
in what state is mount mckinley ?	answer state loc_1 placeid mount mckinley 
which states border no other states ?	answer exclude state all next_to_2 state all
what rivers are in utah ?	answer river loc_2 stateid utah 
what are the major lakes in united states ?	answer major lake loc_2 countryid usa 
what is the longest river that passes the states that border the state that borders the most states ?	answer longest river traverse_2 state next_to_2 most state next_to_2 state all
what is the largest state that borders california ?	answer largest state next_to_2 stateid california 
which rivers run through the state with the lowest elevation in the usa ?	answer river traverse_2 state loc_1 lowest place loc_2 countryid usa 
how many people live in austin ?	answer population_1 cityid austin _
what is the longest river in new york ?	answer longest river loc_2 stateid new york 
what are the major cities in the states through which the major river in virginia runs ?	answer major city loc_2 state traverse_1 major river loc_2 stateid virginia 
how many cities named austin are there in the usa ?	answer count intersection city cityid austin _ loc_2 countryid usa 
what are the rivers in the state of indiana ?	answer river loc_2 state stateid indiana 
what is the smallest state in the usa ?	answer smallest state loc_2 countryid usa 
what states border states that border states that border florida ?	answer state next_to_2 state next_to_2 state next_to_2 stateid florida 
what state has the most cities ?	answer most state loc_1 city all
what is the population of dallas ?	answer population_1 cityid dallas _
what is the lowest point in texas ?	answer lowest place loc_2 stateid texas 
which states border alaska ?	answer state next_to_2 stateid alaska 
what states border states that border states that border states that border texas ?	answer state next_to_2 state next_to_2 state next_to_2 state next_to_2 stateid texas 
what state has the highest elevation ?	answer state loc_1 highest place all
what is the highest point in the us ?	answer highest place loc_2 countryid usa 
what rivers are in nevada ?	answer river loc_2 stateid nevada 
what is the biggest city in georgia ?	answer largest city loc_2 stateid georgia 
what is the capital of pennsylvania ?	answer capital loc_2 stateid pennsylvania 
what is the highest point in wyoming ?	answer highest place loc_2 stateid wyoming 
what is the smallest city in hawaii ?	answer smallest city loc_2 stateid hawaii 
which capitals are in the states that border texas ?	answer capital loc_2 state next_to_2 stateid texas 
how many cities are there in usa ?	answer count city loc_2 countryid usa 
what are the largest cities in the states that border the largest state ?	answer largest city loc_2 state next_to_2 largest state all
name the rivers in arkansas .	answer river loc_2 stateid arkansas 
how many rivers do not traverse the state with the capital albany ?	answer count exclude river all traverse_2 state loc_1 capital cityid albany _
how many people live in riverside ?	answer population_1 cityid riverside _
what state that borders texas has the highest population ?	answer largest_one population_1 state next_to_2 stateid texas 
which state has the red river ?	answer state loc_1 river riverid red 
how long is the shortest river in the usa ?	answer len shortest river loc_2 countryid usa 
what capital is the largest in the us ?	answer largest capital loc_2 countryid usa 
what cities in california ?	answer city loc_2 stateid california 
what are the states through which the longest river runs ?	answer state traverse_1 longest river all
what is the largest state capital in population ?	answer largest_one population_1 capital_1 state all
what is the capital of the state that borders the state that borders texas ?	answer capital loc_2 state next_to_2 state next_to_2 stateid texas 
what is the lowest elevation in pennsylvania ?	answer lowest place loc_2 stateid pennsylvania 
which states lie on the largest river in the united states ?	answer state traverse_1 longest river loc_2 countryid usa 
which capitals are not major cities ?	answer exclude capital all major city all
what state has no rivers ?	answer exclude state all loc_1 river all
what is the largest of the states that the rio grande runs through ?	answer largest state traverse_1 riverid rio grande 
what is the area of seattle ?	answer area_1 cityid seattle _
what is the most populous state in the us ?	answer largest_one population_1 state loc_2 countryid usa 
