what is the longest river in the us ?	answer longest river loc_2 countryid usa 
what are the high points of states surrounding mississippi ?	answer high_point_1 state next_to_2 stateid mississippi 
how many people live in rhode island ?	answer population_1 stateid rhode island 
how many rivers does alaska have ?	answer count river loc_2 stateid alaska 
what is the lowest point of the us ?	answer lowest place loc_2 countryid usa 
how long is the delaware river ?	answer len river riverid delaware 
what states does the ohio river run through ?	answer state traverse_1 river riverid ohio 
which states does the longest river cross ?	answer state traverse_1 longest river all
what city has the most people ?	answer largest_one population_1 city all
what is the population of oregon ?	answer population_1 stateid oregon 
what are the biggest rivers in texas ?	answer longest river loc_2 stateid texas 
what is the capital of the florida state ?	answer capital loc_2 state stateid florida 
how long is the mississippi river in miles ?	answer len river riverid mississippi 
how many people live in austin texas ?	answer population_1 cityid austin tx 
what is the population of hawaii ?	answer population_1 stateid hawaii 
what rivers run through arizona ?	answer river traverse_2 stateid arizona 
where is fort wayne ?	answer loc_1 cityid fort wayne _
what is the highest point in the country ?	answer highest place loc_2 countryid usa 
what are the major rivers in the us ?	answer major river loc_2 countryid usa 
what is the longest river ?	answer longest river all
how many rivers are in iowa ?	answer count river loc_2 stateid iowa 
what are the names of the major cities in illinois ?	answer major city loc_2 stateid illinois 
how many square kilometers in the us ?	answer area_1 countryid usa 
which states border michigan ?	answer state next_to_2 stateid michigan 
what is the biggest state in continental us ?	answer largest state loc_2 countryid usa 
what states are next to the mississippi ?	answer state next_to_2 stateid mississippi 
how many citizens does the biggest city have in the usa ?	answer population_1 largest city all
what is the capital of the smallest state ?	answer capital loc_2 smallest state all
what state that borders texas is the largest ?	answer largest state next_to_2 stateid texas 
what states border the mississippi river ?	answer state next_to_2 river riverid mississippi 
what is the largest state capital in population ?	answer largest_one population_1 capital_1 state all
what is the state with the largest population density ?	answer largest_one density_1 state all
what states does the delaware river run through ?	answer state traverse_1 river riverid delaware 
what is the tallest mountain in america ?	answer highest mountain loc_2 countryid usa 
how many rivers are in missouri ?	answer count river loc_2 stateid missouri 
where is mount whitney located ?	answer loc_1 placeid mount whitney 
give me the cities in virginia .	answer city loc_2 stateid virginia 
what is the area of maryland in square kilometers ?	answer area_1 stateid maryland 
what state has the smallest population ?	answer smallest_one population_1 state all
how many people lived in austin ?	answer population_1 cityid austin _
give me the number of rivers in california .	answer count river loc_2 stateid california 
what is the capital of michigan ?	answer capital loc_2 stateid michigan 
which states border arizona ?	answer state next_to_2 stateid arizona 
what is the population of montana ?	answer population_1 stateid montana 
what is the population of portland maine ?	answer population_1 cityid portland me 
what state has the smallest area ?	answer smallest_one area_1 state all
give me the longest river that passes through the us .	answer longest river traverse_2 countryid usa 
what river flows through texas ?	answer river traverse_2 stateid texas 
what are the major cities in texas ?	answer major city loc_2 stateid texas 
what state has the most rivers ?	answer most state loc_1 river all
what are the rivers in the state of indiana ?	answer river loc_2 state stateid indiana 
what is the biggest city in usa ?	answer largest city loc_2 countryid usa 
how much population does texas have ?	answer population_1 stateid texas 
through which states does the mississippi flow ?	answer state traverse_1 riverid mississippi 
what is the shortest river in the united states ?	answer shortest river loc_2 countryid usa 
which states does the missouri river pass through ?	answer state traverse_1 river riverid missouri 
what state has the largest population density ?	answer largest_one density_1 state all
what states border rhode island ?	answer state next_to_2 stateid rhode island 
how many cities are there in usa ?	answer count city loc_2 countryid usa 
what state has the most cities ?	answer most state loc_1 city all
what states have rivers running through them ?	answer state traverse_1 river all
what is the population of sacramento ?	answer population_1 cityid sacramento _
how big is alaska ?	answer size stateid alaska 
what is the capital of california ?	answer capital loc_2 stateid california 
what is the shortest river in iowa ?	answer shortest river loc_2 stateid iowa 
what s the largest city ?	answer largest city all
what is the population of boulder ?	answer population_1 cityid boulder _
what is the highest point in wyoming ?	answer highest place loc_2 stateid wyoming 
what is the highest point in the us ?	answer highest place loc_2 countryid usa 
what cities are located in pennsylvania ?	answer city loc_2 stateid pennsylvania 
what are the highest points of all the states ?	answer highest place loc_2 state all
what state borders new york ?	answer state next_to_2 stateid new york 
what is the population of maryland ?	answer population_1 stateid maryland 
where is new orleans ?	answer loc_1 cityid new orleans _
which state has the largest density ?	answer largest_one density_1 state all
how many rivers in washington ?	answer count river loc_2 stateid washington 
what is the longest river in texas ?	answer longest river loc_2 stateid texas 
how many people live in minneapolis minnesota ?	answer population_1 cityid minneapolis mn 
how many major cities are there ?	answer count major city all
what is the highest point in nevada in meters ?	answer highest place loc_2 stateid nevada 
how many states border tennessee ?	answer count state next_to_2 stateid tennessee 
rivers in new york ?	answer river loc_2 stateid new york 
how many states does iowa border ?	answer count state next_to_1 stateid iowa 
which state has the greatest population ?	answer largest_one population_1 state all
what is the longest river in california ?	answer longest river loc_2 stateid california 
what is the smallest city in the us ?	answer smallest city loc_2 countryid usa 
what capital has the largest population ?	answer largest_one population_1 capital all
where is portland ?	answer loc_1 cityid portland _
which is the shortest river ?	answer shortest river all
what is the capital of iowa ?	answer capital loc_2 stateid iowa 
which states have a river ?	answer state loc_1 river all
where is the highest point in montana ?	answer highest place loc_2 stateid montana 
what rivers are in utah ?	answer river loc_2 stateid utah 
what is the lowest point in the united states ?	answer lowest place loc_2 countryid usa 
what is the population of utah ?	answer population_1 stateid utah 
how many states does tennessee border ?	answer count state next_to_1 stateid tennessee 
what is the largest city in michigan ?	answer largest city loc_2 stateid michigan 
what is the shortest river in alaska ?	answer shortest river loc_2 stateid alaska 
what is the size of florida ?	answer size stateid florida 
what are the major cities in alaska ?	answer major city loc_2 stateid alaska 
which state borders florida ?	answer state next_to_2 stateid florida 
what is the area of the texas state ?	answer area_1 state stateid texas 
how many citizens in boulder ?	answer population_1 cityid boulder _
what state is des moines located in ?	answer state loc_1 cityid des moines _
what is the population of seattle ?	answer population_1 cityid seattle _
where is the chattahoochee river ?	answer loc_1 river riverid chattahoochee 
what are the neighboring states for michigan ?	answer state next_to_2 stateid michigan 
how many people live in mississippi ?	answer population_1 stateid mississippi 
what states neighbor maine ?	answer state next_to_2 stateid maine 
what state has the lowest population density ?	answer smallest_one density_1 state all
name the 50 capitals in the usa .	answer capital loc_2 countryid usa 
give me the lakes in california .	answer lake loc_2 stateid california 
how long is the missouri river ?	answer len river riverid missouri 
what is the average population per square km in pennsylvania ?	answer density_1 stateid pennsylvania 
what is the population of seattle washington ?	answer population_1 cityid seattle wa 
how big is texas ?	answer size stateid texas 
how many states are in the usa ?	answer count state loc_2 countryid usa 
what is the combined population of all 50 states ?	answer sum population_1 state all
what is the biggest city in kansas ?	answer largest city loc_2 stateid kansas 
what are the populations of the states through which the mississippi runs ?	answer population_1 state traverse_1 riverid mississippi 
what is the smallest city in washington ?	answer smallest city loc_2 stateid washington 
what is the highest point in delaware ?	answer highest place loc_2 stateid delaware 
number of states bordering iowa ?	answer count state next_to_2 stateid iowa 
how many people live in kalamazoo ?	answer population_1 cityid kalamazoo _
which state has the least population density ?	answer smallest_one density_1 state all
where is new hampshire ?	answer loc_1 stateid new hampshire 
what is the lowest point in louisiana ?	answer lowest place loc_2 stateid louisiana 
what rivers are in texas ?	answer river loc_2 stateid texas 
how many cities are in louisiana ?	answer count city loc_2 stateid louisiana 
what is the length of the mississippi river ?	answer len river riverid mississippi 
what is the population of tucson ?	answer population_1 cityid tucson _
what is the smallest state by area ?	answer smallest_one area_1 state all
which states do colorado river flow through ?	answer state traverse_1 river riverid colorado 
how many states border texas ?	answer count state next_to_2 stateid texas 
what is the highest mountain in alaska ?	answer highest mountain loc_2 stateid alaska 
what are the major cities in alabama ?	answer major city loc_2 stateid alabama 
state the state with the largest area .	answer largest_one area_1 state all
give me the cities which are in texas .	answer city loc_2 stateid texas 
what is the lowest point in massachusetts ?	answer lowest place loc_2 stateid massachusetts 
give me the cities in usa .	answer city loc_2 countryid usa 
what is the population density of the state with the smallest area ?	answer density_1 smallest_one area_1 state all
where is houston ?	answer loc_1 cityid houston _
what state has the least population density ?	answer smallest_one density_1 state all
what state has the highest population ?	answer largest_one population_1 state all
how many states border hawaii ?	answer count state next_to_2 stateid hawaii 
what is the capital of utah ?	answer capital loc_2 stateid utah 
what is the population of san antonio ?	answer population_1 cityid san antonio _
what is the smallest state bordering ohio ?	answer smallest state next_to_2 stateid ohio 
where is scotts valley ?	answer loc_1 cityid scotts valley _
name all the rivers in colorado .	answer river loc_2 stateid colorado 
number of people in boulder ?	answer population_1 cityid boulder _
what state has the largest city ?	answer state loc_1 largest city all
what is the capital of texas ?	answer capital loc_2 stateid texas 
what is the population of rhode island ?	answer population_1 stateid rhode island 
what is the capital of indiana ?	answer capital loc_2 stateid indiana 
what is the area of the states ?	answer area_1 state all
what state has highest elevation ?	answer state loc_1 highest place all
what river flows through the most states ?	answer most river traverse_2 state all
how many people live in california ?	answer population_1 stateid california 
where is massachusetts ?	answer loc_1 stateid massachusetts 
what is the area of florida ?	answer area_1 stateid florida 
what states border kentucky ?	answer state next_to_2 stateid kentucky 
which state borders hawaii ?	answer state next_to_2 stateid hawaii 
what is the biggest state ?	answer largest state all
which state has the red river ?	answer state loc_1 river riverid red 
what is the population of new york ?	answer population_1 stateid new york 
how many people live in houston ?	answer population_1 cityid houston _
what state has the smallest urban population ?	answer smallest_one population_1 state all
what state is miami in ?	answer state loc_1 cityid miami _
what rivers run through austin texas ?	answer river traverse_2 cityid austin tx 
show major cities in colorado .	answer major city loc_2 stateid colorado 
what is the size of texas ?	answer size stateid texas 
what is the population of austin ?	answer population_1 cityid austin _
what state has the most people ?	answer largest_one population_1 state all
what is the highest point of the usa ?	answer highest place loc_2 countryid usa 
what states does the missouri run through ?	answer state traverse_1 riverid missouri 
what is the capital of georgia ?	answer capital loc_2 stateid georgia 
what is the largest city in alabama ?	answer largest city loc_2 stateid alabama 
what is the capital of maine ?	answer capital loc_2 stateid maine 
what is the population of atlanta ?	answer population_1 cityid atlanta _
how large is alaska ?	answer size stateid alaska 
which state border kentucky ?	answer state next_to_2 stateid kentucky 
how many states are in the united states ?	answer count state loc_2 countryid usa 
what states border wisconsin ?	answer state next_to_2 stateid wisconsin 
where is austin ?	answer loc_1 cityid austin _
what are the major cities in missouri ?	answer major city loc_2 stateid missouri 
what states border ohio ?	answer state next_to_2 stateid ohio 
how many cities does the usa have ?	answer count city loc_2 countryid usa 
what are the rivers in alaska ?	answer river loc_2 stateid alaska 
population of boulder ?	answer population_1 cityid boulder _
what rivers run through colorado ?	answer river traverse_2 stateid colorado 
give me the largest state .	answer largest state all
what is the capital of new jersey ?	answer capital loc_2 stateid new jersey 
how many people live in washington ?	answer population_1 stateid washington 
how large is texas ?	answer size stateid texas 
which state has the largest city ?	answer state loc_1 largest city all
what is the capital of new york ?	answer capital loc_2 stateid new york 
what is the lowest point in nebraska in meters ?	answer lowest place loc_2 stateid nebraska 
name the longest river in us .	answer longest river loc_2 countryid usa 
what is the area of idaho ?	answer area_1 stateid idaho 
give me the cities in virginia .	answer city loc_2 stateid virginia 
how big is the city of new york ?	answer size city cityid new york _
what is the population of new mexico ?	answer population_1 stateid new mexico 
give me all the states of usa .	answer state loc_2 countryid usa 
what states surround kentucky ?	answer state next_to_2 stateid kentucky 
what is the lowest point in mississippi ?	answer lowest place loc_2 stateid mississippi 
what are the major cities in california ?	answer major city loc_2 stateid california 
how many states border at least one other state ?	answer count state next_to_2 state all
how many people are there in new york ?	answer population_1 stateid new york 
what state has the largest population ?	answer largest_one population_1 state all
what states does the missouri river run through ?	answer state traverse_1 river riverid missouri 
what is the lowest point in california ?	answer lowest place loc_2 stateid california 
how many people live in the capital of texas ?	answer population_1 capital loc_2 stateid texas 
what is the highest mountain in us ?	answer highest mountain loc_2 countryid usa 
what is the capital city in texas ?	answer capital city loc_2 stateid texas 
what is the most populous city ?	answer largest_one population_1 city all
what is the biggest city in nebraska ?	answer largest city loc_2 stateid nebraska 
what is the shortest river in texas ?	answer shortest river loc_2 stateid texas 
what is the population density of the smallest state ?	answer density_1 smallest state all
what is the capital of washington ?	answer capital loc_2 stateid washington 
what river flows through kansas ?	answer river traverse_2 stateid kansas 
what is the highest point in ohio ?	answer highest place loc_2 stateid ohio 
what is the population of south dakota ?	answer population_1 stateid south dakota 
what is the population of springfield south dakota ?	answer population_1 cityid springfield sd 
what is the population of the smallest state ?	answer smallest population_1 state all
which state capital has the smallest population ?	answer smallest_one population_1 capital all
what is the average population of the us by state ?	answer density_1 countryid usa 
which states border colorado ?	answer state next_to_2 stateid colorado 
where are mountains ?	answer loc_1 mountain all
what is the capital of new hampshire ?	answer capital loc_2 stateid new hampshire 
what states border indiana ?	answer state next_to_2 stateid indiana 
what is the highest point in virginia ?	answer highest place loc_2 stateid virginia 
which state has the sparsest population density ?	answer smallest_one density_1 state all
what is the biggest city in georgia ?	answer largest city loc_2 stateid georgia 
what cities in california ?	answer city loc_2 stateid california 
what state has the longest river ?	answer state loc_1 longest river all
what rivers are in nevada ?	answer river loc_2 stateid nevada 
what is the population of texas ?	answer population_1 stateid texas 
how many rivers are there in us ?	answer count river loc_2 countryid usa 
how many people live in kansas ?	answer population_1 stateid kansas 
which state has the biggest population ?	answer largest_one population_1 state all
what is the largest state that borders california ?	answer largest state next_to_2 stateid california 
how long is the colorado river ?	answer len river riverid colorado 
what is the highest point in florida ?	answer highest place loc_2 stateid florida 
what are the major cities in oklahoma ?	answer major city loc_2 stateid oklahoma 
what is the largest state that borders texas ?	answer largest state next_to_2 stateid texas 
which state has the highest peak in the country ?	answer state loc_1 highest mountain all
what is the combined area of all 50 states ?	answer sum area_1 state all
what is the state with the smallest area ?	answer smallest_one area_1 state all
what is the biggest city in oregon ?	answer largest city loc_2 stateid oregon 
what is the number of neighboring states for kentucky ?	answer count state next_to_2 stateid kentucky 
which states border alaska ?	answer state next_to_2 stateid alaska 
what states border texas ?	answer state next_to_2 stateid texas 
what is the population of california ?	answer population_1 stateid california 
name the major rivers in florida .	answer major river loc_2 stateid florida 
which state has the most people ?	answer largest_one population_1 state all
give me the states that border utah .	answer state next_to_2 stateid utah 
what is the largest city in wisconsin ?	answer largest city loc_2 stateid wisconsin 
name all the rivers in colorado .	answer river loc_2 stateid colorado 
what is the size of california ?	answer size stateid california 
which state has the most rivers running through it ?	answer most state traverse_1 river all
name all the lakes of us .	answer lake loc_2 countryid usa 
what is the largest city in california ?	answer largest city loc_2 stateid california 
what is the smallest city in arkansas ?	answer smallest city loc_2 stateid arkansas 
which is the smallest state ?	answer smallest state all
which river runs through the most states ?	answer most river traverse_2 state all
how big is massachusetts ?	answer size stateid massachusetts 
how many people live in san francisco ?	answer population_1 cityid san francisco _
what is the area of the largest state ?	answer area_1 largest state all
what is the population density of south dakota ?	answer density_1 stateid south dakota 
what states contain at least one major rivers ?	answer state loc_1 major river all
what is the shortest river in the us ?	answer shortest river loc_2 countryid usa 
what rivers flow though colorado ?	answer river traverse_2 stateid colorado 
how many rivers are in colorado ?	answer count river loc_2 stateid colorado 
what is the highest point in montana ?	answer highest place loc_2 stateid montana 
what state has the smallest capital ?	answer state loc_1 smallest capital all
what city has the largest population ?	answer largest_one population_1 city all
what is the largest city in texas ?	answer largest city loc_2 stateid texas 
how many states are there in united states ?	answer count state loc_2 countryid usa 
what is the height of mount mckinley ?	answer elevation_1 placeid mount mckinley 
what is the area of the state with the smallest population density ?	answer area_1 smallest_one density_1 state all
what is the area of california ?	answer area_1 stateid california 
how many people are there in iowa ?	answer population_1 stateid iowa 
what is the smallest city in the usa ?	answer smallest city loc_2 countryid usa 
how big is new mexico ?	answer size stateid new mexico 
how many people live in the united states ?	answer population_1 countryid usa 
states bordering iowa ?	answer state next_to_2 stateid iowa 
which state contains most rivers ?	answer most state loc_1 river all
what is the high point of wyoming ?	answer high_point_1 stateid wyoming 
where is springfield ?	answer loc_1 cityid springfield _
what is the largest city of kansas ?	answer largest city loc_2 stateid kansas 
what state has the highest population density ?	answer largest_one density_1 state all
what is the density of the new york ?	answer density_1 stateid new york 
what is the highest point in colorado ?	answer highest place loc_2 stateid colorado 
how many rivers are there in idaho ?	answer count river loc_2 stateid idaho 
what is the capital of vermont ?	answer capital loc_2 stateid vermont 
what states border alaska ?	answer state next_to_2 stateid alaska 
what is the lowest point in wisconsin ?	answer lowest place loc_2 stateid wisconsin 
which states does the mississippi river run through ?	answer state traverse_1 river riverid mississippi 
how many cities does texas have ?	answer count city loc_2 stateid texas 
what is the capital of the alabama state ?	answer capital loc_2 state stateid alabama 
what is the longest river in florida ?	answer longest river loc_2 stateid florida 
show me all the major lakes in the us .	answer major lake loc_2 countryid usa 
what is the smallest state in the usa ?	answer smallest state loc_2 countryid usa 
what is the total area of the usa ?	answer area_1 countryid usa 
which states does the mississippi run through ?	answer state traverse_1 riverid mississippi 
which state is kalamazoo in ?	answer state loc_1 cityid kalamazoo _
how many states are there in the usa ?	answer count state loc_2 countryid usa 
what is the population of atlanta ga ?	answer population_1 cityid atlanta ga 
what are the populations of states which border texas ?	answer population_1 state next_to_2 stateid texas 
give me the cities in texas .	answer city loc_2 stateid texas 
what is the state with the lowest population density ?	answer smallest_one density_1 state all
what state is boston in ?	answer state loc_1 cityid boston _
how many citizens in alabama ?	answer population_1 stateid alabama 
what is the area of ohio ?	answer area_1 stateid ohio 
what state borders the least states ?	answer fewest state next_to_2 state all
how many colorado rivers are there ?	answer count river riverid colorado 
what state has the shortest river ?	answer state loc_1 shortest river all
what are the major rivers in ohio ?	answer major river loc_2 stateid ohio 
what is the area of texas ?	answer area_1 stateid texas 
what is the biggest city in arizona ?	answer largest city loc_2 stateid arizona 
how many states border alaska ?	answer count state next_to_2 stateid alaska 
what river runs through the most states ?	answer most river traverse_2 state all
what states does the mississippi run through ?	answer state traverse_1 riverid mississippi 
what is largest capital ?	answer largest capital all
what is the capital of north dakota ?	answer capital loc_2 stateid north dakota 
what states are next to arizona ?	answer state next_to_2 stateid arizona 
how many rivers are there in texas ?	answer count river loc_2 stateid texas 
what is the tallest mountain in the united states ?	answer highest mountain loc_2 countryid usa 
which states border hawaii ?	answer state next_to_2 stateid hawaii 
in which state is rochester ?	answer state loc_1 cityid rochester _
how big is north dakota ?	answer size stateid north dakota 
how high is mount mckinley ?	answer elevation_1 placeid mount mckinley 
what is the largest capital ?	answer largest capital all
what state borders michigan ?	answer state next_to_2 stateid michigan 
how many inhabitants does montgomery have ?	answer population_1 cityid montgomery _
what is the highest point in texas ?	answer highest place loc_2 stateid texas 
what mountains are in alaska ?	answer mountain loc_2 stateid alaska 
what states border new hampshire ?	answer state next_to_2 stateid new hampshire 
what is the city with the smallest population ?	answer smallest_one population_1 city all
how many people stay in utah ?	answer population_1 stateid utah 
what state is austin in ?	answer state loc_1 cityid austin _
what is the capital of massachusetts ?	answer capital loc_2 stateid massachusetts 
which state has the longest river ?	answer state loc_1 longest river all
what state has the greatest population density ?	answer largest_one density_1 state all
which state has the smallest population density ?	answer smallest_one density_1 state all
what is the population of denver ?	answer population_1 cityid denver _
how many cities are there in us ?	answer count city loc_2 countryid usa 
what are the major cities in kansas ?	answer major city loc_2 stateid kansas 
how many people live in the state with the largest population density ?	answer population_1 largest_one density_1 state all
number of citizens in boulder ?	answer population_1 cityid boulder _
what rivers are there in texas ?	answer river loc_2 stateid texas 
list the states .	answer state all
what states does the mississippi river run through ?	answer state traverse_1 river riverid mississippi 
what are the major cities in the usa ?	answer major city loc_2 countryid usa 
what is the state with the lowest population ?	answer smallest_one population_1 state all
how many rivers run through texas ?	answer count river traverse_2 stateid texas 
name the rivers in arkansas .	answer river loc_2 stateid arkansas 
what is the area of wisconsin ?	answer area_1 stateid wisconsin 
what is the capital of the state texas ?	answer capital loc_2 state stateid texas 
what is the lowest point in texas ?	answer lowest place loc_2 stateid texas 
what is the total length of all rivers in the usa ?	answer sum len river all
what are the populations of states through which the mississippi runs ?	answer population_1 state traverse_1 riverid mississippi 
what are the major cities of texas ?	answer major city loc_2 stateid texas 
where is dallas ?	answer loc_1 cityid dallas _
what states border michigan ?	answer state next_to_2 stateid michigan 
what are the cities in california ?	answer city loc_2 stateid california 
what states border georgia ?	answer state next_to_2 stateid georgia 
what is the population of springfield missouri ?	answer population_1 cityid springfield mo 
what is the population density of maine ?	answer density_1 stateid maine 
what is the population of the state with the highest population density ?	answer population_1 largest_one density_1 state all
what is the name of the state with the lowest point ?	answer state loc_1 lowest place all
what is the lowest point of colorado ?	answer lowest place loc_2 stateid colorado 
what is the state that contains the highest point ?	answer state loc_1 highest place all
what is the population of illinois ?	answer population_1 stateid illinois 
what state has the largest urban population ?	answer largest_one population_1 state all
how many states does missouri border ?	answer count state next_to_1 stateid missouri 
what rivers run through new york ?	answer river traverse_2 stateid new york 
what is the capital of colorado ?	answer capital loc_2 stateid colorado 
which state is the smallest ?	answer smallest state all
what are major rivers in texas ?	answer major river loc_2 stateid texas 
what rivers are in new mexico ?	answer river loc_2 stateid new mexico 
what is the capital of maryland ?	answer capital loc_2 stateid maryland 
what state has the most rivers running through it ?	answer most state traverse_1 river all
how long is the rio grande river ?	answer len river riverid rio grande 
can you tell me the capital of texas ?	answer capital loc_2 stateid texas 
which state has the greatest density ?	answer largest_one density_1 state all
what are the major lakes in united states ?	answer major lake loc_2 countryid usa 
what is the highest point in maine ?	answer highest place loc_2 stateid maine 
what is the lowest elevation in pennsylvania ?	answer lowest place loc_2 stateid pennsylvania 
what is the smallest state bordering wyoming ?	answer smallest state next_to_2 stateid wyoming 
how long is the mississippi ?	answer len riverid mississippi 
how many people live in chicago ?	answer population_1 cityid chicago _
how many cities are there in the united states ?	answer count city loc_2 countryid usa 
what rivers run through louisiana ?	answer river traverse_2 stateid louisiana 
what capital is the largest in the us ?	answer largest capital loc_2 countryid usa 
how many residents live in texas ?	answer population_1 stateid texas 
where is mount whitney ?	answer loc_1 placeid mount whitney 
which states border iowa ?	answer state next_to_2 stateid iowa 
name the rivers in arkansas .	answer river loc_2 stateid arkansas 
what states does the shortest river run through ?	answer state traverse_1 shortest river all
how high is guadalupe peak ?	answer elevation_1 placeid guadalupe peak 
which states border new york ?	answer state next_to_2 stateid new york 
what are the major cities in ohio ?	answer major city loc_2 stateid ohio 
what is the average population per square km in the us ?	answer density_1 countryid usa 
how many states does the mississippi run through ?	answer count state traverse_1 riverid mississippi 
what is the elevation of death valley ?	answer elevation_1 placeid death valley 
what state s capital is dover ?	answer state capital_2 cityid dover _
what is the major cities in montana ?	answer major city loc_2 stateid montana 
how many people in boulder ?	answer population_1 cityid boulder _
what is the capital of ohio ?	answer capital loc_2 stateid ohio 
what state has the sparsest population density ?	answer smallest_one density_1 state all
what is the smallest city in hawaii ?	answer smallest city loc_2 stateid hawaii 
what are the states that the potomac runs through ?	answer state traverse_1 riverid potomac 
what is the smallest state that borders texas ?	answer smallest state next_to_2 stateid texas 
what is the area of seattle ?	answer area_1 cityid seattle _
what is the largest state in usa ?	answer largest state loc_2 countryid usa 
what state has the highest elevation ?	answer state loc_1 highest place all
what is the capital of the largest state ?	answer capital loc_2 largest state all
what state has the largest area ?	answer largest_one area_1 state all
what is the area of alaska ?	answer area_1 stateid alaska 
what state has the smallest population density ?	answer smallest_one density_1 state all
which rivers flow through alaska ?	answer river traverse_2 stateid alaska 
what is the highest point in kansas ?	answer highest place loc_2 stateid kansas 
how many people live in new mexico ?	answer population_1 stateid new mexico 
what major cities are located in pennsylvania ?	answer major city loc_2 stateid pennsylvania 
through which states does the mississippi run ?	answer state traverse_1 riverid mississippi 
where is san jose ?	answer loc_1 cityid san jose _
which us city has the highest population density ?	answer largest_one density_1 city all
what is the population density of wyoming ?	answer density_1 stateid wyoming 
what is the population of dallas ?	answer population_1 cityid dallas _
what is the population density of texas ?	answer density_1 stateid texas 
where is the lowest point in the us ?	answer lowest place loc_2 countryid usa 
what is the biggest city in the usa ?	answer largest city loc_2 countryid usa 
what is the population density of the state with the smallest population ?	answer density_1 smallest_one population_1 state all
what is the lowest point in arkansas ?	answer lowest place loc_2 stateid arkansas 
what river runs through illinois ?	answer river traverse_2 stateid illinois 
how long is the ohio river ?	answer len river riverid ohio 
what is the largest city in missouri ?	answer largest city loc_2 stateid missouri 
which states border south dakota ?	answer state next_to_2 stateid south dakota 
what is the population of the state with the largest area ?	answer population_1 largest_one area_1 state all
what are the major cities of the us ?	answer major city loc_2 countryid usa 
how many people live in the capital of georgia ?	answer population_1 capital loc_2 stateid georgia 
what is the population in boston ?	answer population_1 cityid boston _
what states border delaware ?	answer state next_to_2 stateid delaware 
what is the longest river in the united states ?	answer longest river loc_2 countryid usa 
how many cities are there in the us ?	answer count city loc_2 countryid usa 
how many people live in riverside ?	answer population_1 cityid riverside _
people in boulder ?	answer population_1 cityid boulder _
how many people live in hawaii ?	answer population_1 stateid hawaii 
what is the longest river in mississippi ?	answer longest river loc_2 stateid mississippi 
what can you tell me about the population of missouri ?	answer population_1 stateid missouri 
what is the smallest city in alaska ?	answer smallest city loc_2 stateid alaska 
what is the biggest city in the us ?	answer largest city loc_2 countryid usa 
what is capital of iowa ?	answer capital loc_2 stateid iowa 
what is the shortest river ?	answer shortest river all
what is the capital of pennsylvania ?	answer capital loc_2 stateid pennsylvania 
how many states are there ?	answer count state all
which states does the missouri river run through ?	answer state traverse_1 river riverid missouri 
what is the biggest city in texas ?	answer largest city loc_2 stateid texas 
what state has the largest capital ?	answer state loc_1 largest capital all
how many people live in spokane washington ?	answer population_1 cityid spokane wa 
which state has the smallest average urban population ?	answer smallest_one density_1 state all
what is the highest elevation in texas ?	answer highest place loc_2 stateid texas 
how many people live in montana ?	answer population_1 stateid montana 
what is the population of arizona ?	answer population_1 stateid arizona 
how long is the north platte river ?	answer len river riverid north platte 
how many rivers does colorado have ?	answer count river loc_2 stateid colorado 
which states border texas ?	answer state next_to_2 stateid texas 
what is the longest river that flows through colorado ?	answer longest river traverse_2 stateid colorado 
what is the highest mountain in the us ?	answer highest mountain loc_2 countryid usa 
what is the least populous state ?	answer smallest_one population_1 state all
what are the states through which the longest river runs ?	answer state traverse_1 longest river all
what is the area of maine ?	answer area_1 stateid maine 
which state borders most states ?	answer most state next_to_2 state all
what states border new jersey ?	answer state next_to_2 stateid new jersey 
what is the highest mountain in texas ?	answer highest mountain loc_2 stateid texas 
what is the population of washington ?	answer population_1 stateid washington 
what states does the ohio river go through ?	answer state traverse_1 river riverid ohio 
what state is the biggest ?	answer largest state all
what is the density of texas ?	answer density_1 stateid texas 
what are the rivers in the state of texas ?	answer river loc_2 state stateid texas 
what river runs through virginia ?	answer river traverse_2 stateid virginia 
how many people are in the state of nevada ?	answer population_1 state stateid nevada 
how many people live in austin ?	answer population_1 cityid austin _
what are the populations of states through which the mississippi runs ?	answer population_1 state traverse_1 riverid mississippi 
what is the adjacent state of california ?	answer state next_to_2 stateid california 
what is the population of boston massachusetts ?	answer population_1 cityid boston ma 
san antonio is in what state ?	answer state loc_1 cityid san antonio _
what major rivers run through illinois ?	answer major river traverse_2 stateid illinois 
how tall is mount mckinley ?	answer elevation_1 placeid mount mckinley 
how many rivers are found in colorado ?	answer count river loc_2 stateid colorado 
how many citizens live in california ?	answer population_1 stateid california 
what is the population of washington dc ?	answer population_1 cityid washington dc 
what is the lowest point in usa ?	answer lowest place loc_2 countryid usa 
what is the biggest state in the usa ?	answer largest state loc_2 countryid usa 
how many rivers are called colorado ?	answer count river riverid colorado 
which state has the highest population density ?	answer largest_one density_1 state all
what is the state with the largest area ?	answer largest_one area_1 state all
what are the major cities in vermont ?	answer major city loc_2 stateid vermont 
how many people reside in utah ?	answer population_1 stateid utah 
what states border montana ?	answer state next_to_2 stateid montana 
how long is the mississippi river ?	answer len river riverid mississippi 
what is the population of minnesota ?	answer population_1 stateid minnesota 
what are the rivers of montana ?	answer river loc_2 stateid montana 
what are the major cities in wyoming ?	answer major city loc_2 stateid wyoming 
what river traverses the most states ?	answer most river traverse_2 state all
what is the lowest point in oregon ?	answer lowest place loc_2 stateid oregon 
which state is mount mckinley in ?	answer state loc_1 placeid mount mckinley 
which states border kentucky ?	answer state next_to_2 stateid kentucky 
what is the largest state bordering arkansas ?	answer largest state next_to_2 stateid arkansas 
what rivers flow through the largest state ?	answer river traverse_2 largest state all
what is the longest river in pennsylvania ?	answer longest river loc_2 stateid pennsylvania 
tell me what cities are in texas .	answer city loc_2 stateid texas 
what is the biggest city in wyoming ?	answer largest city loc_2 stateid wyoming 
what rivers are in oregon ?	answer river loc_2 stateid oregon 
what states are next to texas ?	answer state next_to_2 stateid texas 
what are all the rivers in texas ?	answer river loc_2 stateid texas 
what are the major cities in delaware ?	answer major city loc_2 stateid delaware 
how many states does usa have ?	answer count state loc_2 countryid usa 
what is the population of idaho ?	answer population_1 stateid idaho 
where is san diego ?	answer loc_1 cityid san diego _
how many people live in detroit ?	answer population_1 cityid detroit _
how many people live in new hampshire ?	answer population_1 stateid new hampshire 
what is the population of alaska ?	answer population_1 stateid alaska 
what is the shortest river in the usa ?	answer shortest river loc_2 countryid usa 
what is the highest point in iowa ?	answer highest place loc_2 stateid iowa 
what is the largest state ?	answer largest state all
what is the area of all the states combined ?	answer sum area_1 state all
what is the area of the smallest state ?	answer area_1 smallest state all
what city has the least population ?	answer smallest_one population_1 city all
what is the most populous state ?	answer largest_one population_1 state all
what states border hawaii ?	answer state next_to_2 stateid hawaii 
which state has the most population ?	answer largest_one population_1 state all
where is the highest mountain of the united states ?	answer highest mountain loc_2 countryid usa 
iowa borders how many states ?	answer count state next_to_1 stateid iowa 
what is the largest state in the us ?	answer largest state loc_2 countryid usa 
what is the length of the colorado river ?	answer len river riverid colorado 
what is the population of the largest state ?	answer population_1 largest state all
what state is dallas in ?	answer state loc_1 cityid dallas _
