what is the tallest mountain in america ?	answer highest mountain loc_2 countryid usa 
which states does the mississippi run through ?	answer state traverse_1 riverid mississippi 
what state has the largest population density ?	answer largest_one density_1 state all
what states border the state that borders the most states ?	answer state next_to_2 most state next_to_2 state all
what is the population of sacramento ?	answer population_1 cityid sacramento _
what are the major cities in states through which the mississippi runs ?	answer major city loc_2 state traverse_1 riverid mississippi 
what are the major rivers in ohio ?	answer major river loc_2 stateid ohio 
what states does the missouri run through ?	answer state traverse_1 riverid missouri 
what is the capital of illinois ?	answer capital loc_2 stateid illinois 
what state has the largest capital ?	answer state loc_1 largest capital all
what is the capital of michigan ?	answer capital loc_2 stateid michigan 
what states have cities named dallas ?	answer state loc_1 city cityid dallas _
how many rivers in washington ?	answer count river loc_2 stateid washington 
where is massachusetts ?	answer loc_1 stateid massachusetts 
what is the highest point in montana ?	answer highest place loc_2 stateid montana 
how many rivers are in new york ?	answer count river loc_2 stateid new york 
what is the largest city in rhode island ?	answer largest city loc_2 stateid rhode island 
what is the largest state that borders texas ?	answer largest state next_to_2 stateid texas 
what states border the state with the smallest area ?	answer state next_to_2 smallest_one area_1 state all
where is baton rouge ?	answer loc_1 cityid baton rouge _
where is san diego ?	answer loc_1 cityid san diego _
name the states which have no surrounding states .	answer exclude state all next_to_2 state all
how many rivers are found in colorado ?	answer count river loc_2 stateid colorado 
which rivers flow through alaska ?	answer river traverse_2 stateid alaska 
what is the highest mountain in us ?	answer highest mountain loc_2 countryid usa 
how many rivers are there in texas ?	answer count river loc_2 stateid texas 
what is the population density of the smallest state ?	answer density_1 smallest state all
how high is the highest point of delaware ?	answer elevation_1 highest place loc_2 stateid delaware 
what states does the colorado river run through ?	answer state traverse_1 river riverid colorado 
what is the shortest river in the united states ?	answer shortest river loc_2 countryid usa 
what states border new hampshire ?	answer state next_to_2 stateid new hampshire 
which is the highest peak not in alaska ?	answer highest exclude mountain all loc_2 stateid alaska 
where is the most populated area of new mexico ?	answer largest_one population_1 city loc_2 stateid new mexico 
how many states are in the usa ?	answer count state loc_2 countryid usa 
which rivers do not run through usa ?	answer exclude river all traverse_2 countryid usa 
what states have cities named rochester ?	answer state loc_1 city cityid rochester _
which state is kalamazoo in ?	answer state loc_1 cityid kalamazoo _
how many states border the mississippi river ?	answer count state next_to_2 river riverid mississippi 
what states border states that border colorado ?	answer state next_to_2 state next_to_2 stateid colorado 
what state has the city flint ?	answer state loc_1 city cityid flint _
how many major cities are there ?	answer count major city all
what is the lowest point of the state with the largest area ?	answer lowest place loc_2 largest_one area_1 state all
what is the area of texas ?	answer area_1 stateid texas 
how high are the highest points of all the states ?	answer elevation_1 highest place loc_2 state all
what are the cities in california ?	answer city loc_2 stateid california 
which state border kentucky ?	answer state next_to_2 stateid kentucky 
in what state is mount mckinley ?	answer state loc_1 placeid mount mckinley 
what states border missouri ?	answer state next_to_2 stateid missouri 
how tall is mount mckinley ?	answer elevation_1 placeid mount mckinley 
how high is mount mckinley ?	answer elevation_1 placeid mount mckinley 
what is the population of washington dc ?	answer population_1 cityid washington dc 
what states does the ohio river run through ?	answer state traverse_1 river riverid ohio 
what is the most populous city in texas ?	answer largest_one population_1 city loc_2 stateid texas 
what are the populations of all the major cities in montana ?	answer population_1 major city loc_2 stateid montana 
what states border states which the mississippi runs through ?	answer state next_to_2 state traverse_1 riverid mississippi 
what is the longest river in the united states ?	answer longest river loc_2 countryid usa 
what state that borders texas is the largest ?	answer largest state next_to_2 stateid texas 
what is the area of florida ?	answer area_1 stateid florida 
which capitals are not major cities ?	answer exclude capital all major city all
what state that borders texas has the highest population ?	answer largest_one population_1 state next_to_2 stateid texas 
what is the area of ohio ?	answer area_1 stateid ohio 
what is the state with the smallest area ?	answer smallest_one area_1 state all
which states does the missouri river pass through ?	answer state traverse_1 river riverid missouri 
which states border colorado ?	answer state next_to_2 stateid colorado 
what is the population of dallas ?	answer population_1 cityid dallas _
what is the size of the largest state in the usa ?	answer size largest state loc_2 countryid usa 
what are the major cities in alaska ?	answer major city loc_2 stateid alaska 
how many people are in the state of nevada ?	answer population_1 state stateid nevada 
which states do colorado river flow through ?	answer state traverse_1 river riverid colorado 
what is the smallest state in the usa ?	answer smallest state loc_2 countryid usa 
what are the major rivers in the us ?	answer major river loc_2 countryid usa 
how many states does iowa border ?	answer count state next_to_1 stateid iowa 
which state has the largest city ?	answer state loc_1 largest city all
name the major rivers in florida .	answer major river loc_2 stateid florida 
what rivers run through austin texas ?	answer river traverse_2 cityid austin tx 
which state contains most rivers ?	answer most state loc_1 river all
what is the capital of iowa ?	answer capital loc_2 stateid iowa 
what capital is the largest in the us ?	answer largest capital loc_2 countryid usa 
what is the highest point in delaware ?	answer highest place loc_2 stateid delaware 
where is fort wayne ?	answer loc_1 cityid fort wayne _
what is the lowest point in arkansas ?	answer lowest place loc_2 stateid arkansas 
how many states does missouri border ?	answer count state next_to_1 stateid missouri 
which states border texas ?	answer state next_to_2 stateid texas 
what is the area of california ?	answer area_1 stateid california 
how big is massachusetts ?	answer size stateid massachusetts 
what state borders new york ?	answer state next_to_2 stateid new york 
which state has the longest river ?	answer state loc_1 longest river all
which states adjoin alabama ?	answer state next_to_2 stateid alabama 
what state has the city with the most population ?	answer state loc_1 largest_one population_1 city all
give me the cities in texas .	answer city loc_2 stateid texas 
what state borders michigan ?	answer state next_to_2 stateid michigan 
what states border georgia ?	answer state next_to_2 stateid georgia 
where is the smallest city ?	answer loc_1 smallest city all
what river runs through virginia ?	answer river traverse_2 stateid virginia 
what states does the missouri river run through ?	answer state traverse_1 river riverid missouri 
what states border delaware ?	answer state next_to_2 stateid delaware 
what is the population of the largest city in the state with the largest area ?	answer population_1 largest city loc_2 largest_one area_1 state all
what are the major cities in delaware ?	answer major city loc_2 stateid delaware 
what is the capital of massachusetts ?	answer capital loc_2 stateid massachusetts 
what is the highest point of the usa ?	answer highest place loc_2 countryid usa 
what are the major cities in kansas ?	answer major city loc_2 stateid kansas 
what are the major cities in texas ?	answer major city loc_2 stateid texas 
how many states does the mississippi river run through ?	answer count state traverse_1 river riverid mississippi 
give me the number of rivers in california .	answer count river loc_2 stateid california 
what is the smallest city in hawaii ?	answer smallest city loc_2 stateid hawaii 
what is the size of texas ?	answer size stateid texas 
what is the area of the state with the smallest population density ?	answer area_1 smallest_one density_1 state all
where is the lowest spot in iowa ?	answer lowest place loc_2 stateid iowa 
how many rivers are there in idaho ?	answer count river loc_2 stateid idaho 
what states have a city named austin ?	answer state loc_1 city cityid austin _
what is the longest river in mississippi ?	answer longest river loc_2 stateid mississippi 
what states border florida ?	answer state next_to_2 stateid florida 
what is the capital of georgia ?	answer capital loc_2 stateid georgia 
what is the capital of the state with the highest elevation ?	answer capital loc_2 state loc_1 highest place all
what is the area of idaho ?	answer area_1 stateid idaho 
what city has the least population ?	answer smallest_one population_1 city all
what is the population of boulder ?	answer population_1 cityid boulder _
how many rivers does alaska have ?	answer count river loc_2 stateid alaska 
how large is alaska ?	answer size stateid alaska 
how many states have a city called rochester ?	answer count state loc_1 city cityid rochester _
people in boulder ?	answer population_1 cityid boulder _
what state has the highest population ?	answer largest_one population_1 state all
what states border ohio ?	answer state next_to_2 stateid ohio 
what is the population density of wyoming ?	answer density_1 stateid wyoming 
what rivers are in states that border texas ?	answer river loc_2 state next_to_2 stateid texas 
what is the highest point in the united states ?	answer highest place loc_2 countryid usa 
what is the biggest capital city in the us ?	answer largest capital city loc_2 countryid usa 
how many rivers are in the state with the highest point ?	answer count river loc_2 state loc_1 highest place all
what is the highest point in nevada in meters ?	answer highest place loc_2 stateid nevada 
how many states border the state with the largest population ?	answer count state next_to_2 largest_one population_1 state all
which state has the highest population density ?	answer largest_one density_1 state all
what is the longest river in america ?	answer longest river loc_2 countryid usa 
which states border alabama ?	answer state next_to_2 stateid alabama 
what are the major cities in california ?	answer major city loc_2 stateid california 
which state is mount mckinley in ?	answer state loc_1 placeid mount mckinley 
how many people in boulder ?	answer population_1 cityid boulder _
what river runs through illinois ?	answer river traverse_2 stateid illinois 
how high is the highest point of florida ?	answer elevation_1 highest place loc_2 stateid florida 
how many states are there in united states ?	answer count state loc_2 countryid usa 
what states border montana ?	answer state next_to_2 stateid montana 
what is the state with the largest density in usa ?	answer largest_one density_1 state loc_2 countryid usa 
which states border hawaii ?	answer state next_to_2 stateid hawaii 
how large is texas ?	answer size stateid texas 
which states border arizona ?	answer state next_to_2 stateid arizona 
which is the density of the state that the largest river in the united states runs through ?	answer density_1 state traverse_1 longest river loc_2 countryid usa 
what is the largest city in states that border california ?	answer largest city loc_2 state next_to_2 stateid california 
what states border states that border states that border florida ?	answer state next_to_2 state next_to_2 state next_to_2 stateid florida 
what are the highest points of states surrounding mississippi ?	answer highest place loc_2 state next_to_2 stateid mississippi 
which states does the colorado river run through ?	answer state traverse_1 river riverid colorado 
what is the largest city of kansas ?	answer largest city loc_2 stateid kansas 
how long is the longest river in the usa ?	answer len longest river loc_2 countryid usa 
what is the population of seattle ?	answer population_1 cityid seattle _
how many people live in houston ?	answer population_1 cityid houston _
what is the longest river flowing through new york ?	answer longest river traverse_2 stateid new york 
what is the capital city in texas ?	answer capital city loc_2 stateid texas 
what is the largest city in wisconsin ?	answer largest city loc_2 stateid wisconsin 
which state has the highest elevation ?	answer state loc_1 highest place all
what is the highest point in iowa ?	answer highest place loc_2 stateid iowa 
how many states border the state that borders the most states ?	answer count state next_to_2 most state next_to_2 state all
what is the longest river that flows through a state that borders indiana ?	answer longest river traverse_2 state next_to_2 stateid indiana 
which state has the greatest density ?	answer largest_one density_1 state all
what is the river that cross over ohio ?	answer river traverse_2 stateid ohio 
which states border illinois ?	answer state next_to_2 stateid illinois 
what is the most populous state ?	answer largest_one population_1 state all
what states have a capital that is the highest point in the state ?	answer state loc_1 capital highest place all
what is the capital of texas ?	answer capital loc_2 stateid texas 
iowa borders how many states ?	answer count state next_to_1 stateid iowa 
what are the populations of the states through which the mississippi river runs ?	answer population_1 state traverse_1 river riverid mississippi 
how many states have cities named austin ?	answer count state loc_1 city cityid austin _
what is the most populated state bordering oklahoma ?	answer largest_one population_1 state next_to_2 stateid oklahoma 
what is the highest elevation in texas ?	answer highest place loc_2 stateid texas 
what is the area of south carolina ?	answer area_1 stateid south carolina 
what mountains are in alaska ?	answer mountain loc_2 stateid alaska 
what is the population of austin texas ?	answer population_1 cityid austin tx 
give me the longest river that passes through the us .	answer longest river traverse_2 countryid usa 
what is the biggest american city in a state with a river ?	answer largest city loc_2 state loc_1 river all
how many states does the missouri river run through ?	answer count state traverse_1 river riverid missouri 
what is the highest point in ohio ?	answer highest place loc_2 stateid ohio 
what is the longest river in new york ?	answer longest river loc_2 stateid new york 
where is dallas ?	answer loc_1 cityid dallas _
what is the state with the highest elevation in the united states ?	answer state loc_1 highest place loc_2 countryid usa 
how many states does usa have ?	answer count state loc_2 countryid usa 
what is the highest point in the us ?	answer highest place loc_2 countryid usa 
what is the capital of the smallest state ?	answer capital loc_2 smallest state all
what is the highest point in kansas ?	answer highest place loc_2 stateid kansas 
can you tell me the capital of texas ?	answer capital loc_2 stateid texas 
what is the smallest city in arkansas ?	answer smallest city loc_2 stateid arkansas 
what is the population density of the state with the smallest area ?	answer density_1 smallest_one area_1 state all
what is the highest point in the smallest state ?	answer highest place loc_2 smallest state all
what is the largest city in a state that borders texas ?	answer largest city loc_2 state next_to_2 stateid texas 
what states border states that border mississippi ?	answer state next_to_2 state next_to_2 stateid mississippi 
where is san jose ?	answer loc_1 cityid san jose _
what is the population of the state that borders the most states ?	answer population_1 most state next_to_2 state all
what are the major cities in north carolina ?	answer major city loc_2 stateid north carolina 
what are the states through which the longest river runs ?	answer state traverse_1 longest river all
which rivers run through the state with the lowest elevation in the usa ?	answer river traverse_2 state loc_1 lowest place loc_2 countryid usa 
what is the lowest point in the state of california ?	answer lowest place loc_2 state stateid california 
which states border no other states ?	answer exclude state all next_to_2 state all
name the major lakes in michigan .	answer major lake loc_2 stateid michigan 
what is capital of iowa ?	answer capital loc_2 stateid iowa 
what is the longest river in the state with the highest point ?	answer longest river loc_2 state loc_1 highest place all
what is the largest city in california ?	answer largest city loc_2 stateid california 
what is the longest river in california ?	answer longest river loc_2 stateid california 
what state is boston in ?	answer state loc_1 cityid boston _
how many cities does texas have ?	answer count city loc_2 stateid texas 
which state borders florida ?	answer state next_to_2 stateid florida 
what is the population of austin ?	answer population_1 cityid austin _
what are the neighboring states for michigan ?	answer state next_to_2 stateid michigan 
what states border wisconsin ?	answer state next_to_2 stateid wisconsin 
what state contains the highest point in the us ?	answer state loc_1 highest place loc_2 countryid usa 
number of people in boulder ?	answer population_1 cityid boulder _
which states border the missouri river ?	answer state next_to_2 river riverid missouri 
what is the smallest city in washington ?	answer smallest city loc_2 stateid washington 
how many states border the largest state ?	answer count state next_to_2 largest state all
which states does the mississippi river run through ?	answer state traverse_1 river riverid mississippi 
which states lie on the largest river in the united states ?	answer state traverse_1 longest river loc_2 countryid usa 
what city has the largest population ?	answer largest_one population_1 city all
what is the density of texas ?	answer density_1 stateid texas 
what is the biggest city in kansas ?	answer largest city loc_2 stateid kansas 
what are the population densities of each us state ?	answer density_1 state all
what states border the states with the most cities ?	answer state next_to_2 most state loc_1 city all
what is the largest city in texas ?	answer largest city loc_2 stateid texas 
how many people live in austin texas ?	answer population_1 cityid austin tx 
which state has the highest point ?	answer state loc_1 highest place all
what state has highest elevation ?	answer state loc_1 highest place all
how many rivers are there in us ?	answer count river loc_2 countryid usa 
what state is miami in ?	answer state loc_1 cityid miami _
what is the highest point in virginia ?	answer highest place loc_2 stateid virginia 
what is the maximum elevation of san francisco ?	answer highest place loc_2 cityid san francisco _
what rivers run through arizona ?	answer river traverse_2 stateid arizona 
what is the area of seattle ?	answer area_1 cityid seattle _
what is the smallest city of the smallest state in the us ?	answer smallest city loc_2 smallest state loc_2 countryid usa 
what is the smallest state by area ?	answer smallest_one area_1 state all
what is the population of atlanta ?	answer population_1 cityid atlanta _
what state is dallas in ?	answer state loc_1 cityid dallas _
which states have points higher than the highest point in colorado ?	answer state loc_1 place higher_2 highest place loc_2 stateid colorado 
what states border the state with the most major cities ?	answer state next_to_2 most state loc_1 major city all
what is the largest city in minnesota by population ?	answer largest_one population_1 city loc_2 stateid minnesota 
what is the smallest city in alaska ?	answer smallest city loc_2 stateid alaska 
which states border kentucky ?	answer state next_to_2 stateid kentucky 
what is the biggest city in arizona ?	answer largest city loc_2 stateid arizona 
what is the height of the highest point in the usa ?	answer elevation_1 highest place loc_2 countryid usa 
what is the longest river in the states that border nebraska ?	answer longest river loc_2 state next_to_2 stateid nebraska 
what are major rivers in texas ?	answer major river loc_2 stateid texas 
which state has the biggest population ?	answer largest_one population_1 state all
what state has the greatest population density ?	answer largest_one density_1 state all
what state contains the highest point of those the colorado river traverses ?	answer state loc_1 highest place loc_2 state traverse_1 river riverid colorado 
what is the population of springfield missouri ?	answer population_1 cityid springfield mo 
what river flows through texas ?	answer river traverse_2 stateid texas 
what are the names of the major cities in illinois ?	answer major city loc_2 stateid illinois 
what state has the most rivers ?	answer most state loc_1 river all
what is the capital city of the largest state in the us ?	answer capital city loc_2 largest state loc_2 countryid usa 
what state has the city with the largest population ?	answer state loc_1 largest_one population_1 city all
how high is the highest point of alabama ?	answer elevation_1 highest place loc_2 stateid alabama 
what is the largest city in smallest state through which the mississippi runs ?	answer largest city loc_2 smallest state traverse_1 riverid mississippi 
which state borders hawaii ?	answer state next_to_2 stateid hawaii 
what states are next to the mississippi ?	answer state next_to_2 stateid mississippi 
what is the capital of north dakota ?	answer capital loc_2 stateid north dakota 
what state has the most rivers running through it ?	answer most state traverse_1 river all
what is the city in texas with the largest population ?	answer largest_one population_1 city loc_2 stateid texas 
how many people live in the biggest city in new york state ?	answer population_1 largest city loc_2 state stateid new york 
what are the major cities in oklahoma ?	answer major city loc_2 stateid oklahoma 
which states border south dakota ?	answer state next_to_2 stateid south dakota 
how many states does the colorado river run through ?	answer count state traverse_1 river riverid colorado 
what rivers flow through states that alabama borders ?	answer river traverse_2 state next_to_1 stateid alabama 
which states border new york ?	answer state next_to_2 stateid new york 
how many people live in austin ?	answer population_1 cityid austin _
what is the density of the new york ?	answer density_1 stateid new york 
what is the capital of ohio ?	answer capital loc_2 stateid ohio 
what is the population of san antonio ?	answer population_1 cityid san antonio _
what is the longest river in the state with the most major cities ?	answer longest river loc_2 most state loc_1 major city all
what states border alaska ?	answer state next_to_2 stateid alaska 
which is the lowest point of the states that the mississippi runs through ?	answer lowest place loc_2 state traverse_1 riverid mississippi 
what is the highest point in colorado ?	answer highest place loc_2 stateid colorado 
what is the population of houston ?	answer population_1 cityid houston _
how high is the highest point in montana ?	answer elevation_1 highest place loc_2 stateid montana 
what is the major cities in montana ?	answer major city loc_2 stateid montana 
what is the population of the major cities in wisconsin ?	answer population_1 major city loc_2 stateid wisconsin 
what is the population of the largest state that borders texas ?	answer population_1 largest state next_to_2 stateid texas 
what is the lowest point of colorado ?	answer lowest place loc_2 stateid colorado 
what states have cities named austin ?	answer state loc_1 city cityid austin _
what state has the smallest capital ?	answer state loc_1 smallest capital all
what is the most populous city ?	answer largest_one population_1 city all
how many major cities are in states bordering nebraska ?	answer count major city loc_2 state next_to_2 stateid nebraska 
what is the highest elevation in south carolina ?	answer highest place loc_2 stateid south carolina 
what are the major cities in vermont ?	answer major city loc_2 stateid vermont 
how many cities are in montana ?	answer count city loc_2 stateid montana 
which state has the most people ?	answer largest_one population_1 state all
what are the major cities in ohio ?	answer major city loc_2 stateid ohio 
what is the capital of the state that borders the most states ?	answer capital loc_2 most state next_to_2 state all
what is the capital of hawaii ?	answer capital loc_2 stateid hawaii 
what states are next to arizona ?	answer state next_to_2 stateid arizona 
what is the population of tucson ?	answer population_1 cityid tucson _
what is the capital of washington ?	answer capital loc_2 stateid washington 
what is the area of maine ?	answer area_1 stateid maine 
what is the largest river in washington state ?	answer longest river loc_2 state stateid washington 
which state capital has the smallest population ?	answer smallest_one population_1 capital all
give me all the states of usa .	answer state loc_2 countryid usa 
which state has the most major rivers ?	answer most state loc_1 major river all
how many people live in san francisco ?	answer population_1 cityid san francisco _
what is the state that contains the highest point ?	answer state loc_1 highest place all
which states does the chattahoochee river run through ?	answer state traverse_1 river riverid chattahoochee 
what is the biggest city in texas ?	answer largest city loc_2 stateid texas 
what state has the largest city ?	answer state loc_1 largest city all
what are the states that the potomac runs through ?	answer state traverse_1 riverid potomac 
what is the population of tempe arizona ?	answer population_1 cityid tempe az 
which state has the most rivers ?	answer most state loc_1 river all
how many people live in chicago ?	answer population_1 cityid chicago _
what is the combined population of all 50 states ?	answer sum population_1 state all
what is the population density of the largest state ?	answer density_1 largest state all
where is the lowest point in maryland ?	answer lowest place loc_2 stateid maryland 
what city has the most people ?	answer largest_one population_1 city all
in which state does the highest point in usa exist ?	answer state loc_1 highest place loc_2 countryid usa 
what is the highest point in new mexico ?	answer highest place loc_2 stateid new mexico 
what state has no rivers ?	answer exclude state all loc_1 river all
what states neighbor maine ?	answer state next_to_2 stateid maine 
what river is the longest one in the united states ?	answer longest river loc_2 countryid usa 
how big is north dakota ?	answer size stateid north dakota 
what state has the largest urban population ?	answer largest_one population_1 state all
what is the capital of utah ?	answer capital loc_2 stateid utah 
what is the height of mount mckinley ?	answer elevation_1 placeid mount mckinley 
how tall is the highest point in montana ?	answer elevation_1 highest place loc_2 stateid montana 
what is the state with the largest population density ?	answer largest_one density_1 state all
what is the highest point in the state with the smallest population ?	answer highest place loc_2 smallest_one population_1 state all
what is the longest river that runs through a state that borders tennessee ?	answer longest river traverse_2 state next_to_2 stateid tennessee 
what is the largest city in michigan ?	answer largest city loc_2 stateid michigan 
what is the biggest river in illinois ?	answer longest river loc_2 stateid illinois 
which states border alaska ?	answer state next_to_2 stateid alaska 
how many states does tennessee border ?	answer count state next_to_1 stateid tennessee 
what is the shortest river in the usa ?	answer shortest river loc_2 countryid usa 
what rivers run through colorado ?	answer river traverse_2 stateid colorado 
which rivers run through states with fewest cities ?	answer river traverse_2 fewest state loc_1 city all
what is the lowest point of all states through which the colorado river runs through ?	answer lowest place loc_2 state traverse_1 river riverid colorado 
what is the population of boston massachusetts ?	answer population_1 cityid boston ma 
what is the most populous city in wyoming ?	answer largest_one population_1 city loc_2 stateid wyoming 
how big is alaska ?	answer size stateid alaska 
how high is the highest point in the largest state ?	answer elevation_1 highest place loc_2 largest state all
what is the area of maryland in square kilometers ?	answer area_1 stateid maryland 
what is the longest river ?	answer longest river all
what is the population of the state with the highest population density ?	answer population_1 largest_one density_1 state all
what is the population of portland maine ?	answer population_1 cityid portland me 
through which states does the mississippi run ?	answer state traverse_1 riverid mississippi 
how many states does the mississippi run through ?	answer count state traverse_1 riverid mississippi 
which is the longest river in usa ?	answer longest river loc_2 countryid usa 
what is the longest river in pennsylvania ?	answer longest river loc_2 stateid pennsylvania 
what state has the highest elevation ?	answer state loc_1 highest place all
how many people live in the smallest state bordering wyoming ?	answer population_1 smallest state next_to_2 stateid wyoming 
what rivers run through west virginia ?	answer river traverse_2 stateid west virginia 
what states have cities named plano ?	answer state loc_1 city cityid plano _
what state bordering nevada has the largest population ?	answer largest_one population_1 state next_to_2 stateid nevada 
where is new orleans ?	answer loc_1 cityid new orleans _
what rivers run through the state with the lowest point in the usa ?	answer river traverse_2 state loc_1 lowest place loc_2 countryid usa 
what is the lowest point in texas ?	answer lowest place loc_2 stateid texas 
where is the highest point in montana ?	answer highest place loc_2 stateid montana 
what state has the longest river ?	answer state loc_1 longest river all
in which state is rochester ?	answer state loc_1 cityid rochester _
what states does the mississippi run through ?	answer state traverse_1 riverid mississippi 
what is the highest point in each state whose lowest point is sea level ?	answer highest place loc_2 state loc_1 place elevation_2 0
could you tell me what is the highest point in the state of oregon ?	answer highest place loc_2 state stateid oregon 
which states border states through which the mississippi traverses ?	answer state next_to_2 state traverse_1 riverid mississippi 
what is the largest state that borders the state with the lowest point in the usa ?	answer largest state next_to_2 state loc_1 lowest place loc_2 countryid usa 
what are the major cities in new york ?	answer major city loc_2 stateid new york 
how many rivers are in iowa ?	answer count river loc_2 stateid iowa 
what is the longest river in the us ?	answer longest river loc_2 countryid usa 
what state is pittsburgh in ?	answer state loc_1 cityid pittsburgh _
what states border rhode island ?	answer state next_to_2 stateid rhode island 
what is the capital of vermont ?	answer capital loc_2 stateid vermont 
what are the populations of the states through which the mississippi river runs ?	answer population_1 state traverse_1 river riverid mississippi 
give me the cities in virginia .	answer city loc_2 stateid virginia 
what states border states that the mississippi runs through ?	answer state next_to_2 state traverse_1 riverid mississippi 
where is the chattahoochee river ?	answer loc_1 river riverid chattahoochee 
how many inhabitants does montgomery have ?	answer population_1 cityid montgomery _
what states are next to texas ?	answer state next_to_2 stateid texas 
what is the city with the smallest population ?	answer smallest_one population_1 city all
what states border michigan ?	answer state next_to_2 stateid michigan 
what is the longest river that does not run through texas ?	answer longest exclude river all traverse_2 stateid texas 
where is the highest point in hawaii ?	answer highest place loc_2 stateid hawaii 
what is the capital of california ?	answer capital loc_2 stateid california 
what are the major cities in new mexico ?	answer major city loc_2 stateid new mexico 
what are the populations of states through which the mississippi river runs ?	answer population_1 state traverse_1 river riverid mississippi 
give me the cities which are in texas .	answer city loc_2 stateid texas 
what are the cities of the state with the highest point ?	answer city loc_2 state loc_1 highest place all
what is the population of atlanta ga ?	answer population_1 cityid atlanta ga 
how high is guadalupe peak ?	answer elevation_1 placeid guadalupe peak 
through which states does the mississippi flow ?	answer state traverse_1 riverid mississippi 
what states does the ohio river go through ?	answer state traverse_1 river riverid ohio 
what is the longest river in florida ?	answer longest river loc_2 stateid florida 
what river flows through kansas ?	answer river traverse_2 stateid kansas 
what states have towns named springfield ?	answer state loc_1 city cityid springfield _
how many states are there ?	answer count state all
what is the biggest state ?	answer largest state all
what states contain at least one major rivers ?	answer state loc_1 major river all
how many states are there in the usa ?	answer count state loc_2 countryid usa 
what states border new jersey ?	answer state next_to_2 stateid new jersey 
what is the population of denver ?	answer population_1 cityid denver _
what states border texas ?	answer state next_to_2 stateid texas 
what is the most dense state in the usa ?	answer largest_one density_1 state loc_2 countryid usa 
how many rivers in texas are longer than the red ?	answer count intersection river loc_2 stateid texas longer riverid red 
where is springfield ?	answer loc_1 cityid springfield _
which state has the largest density ?	answer largest_one density_1 state all
what is the population density of maine ?	answer density_1 stateid maine 
what state has the largest population ?	answer largest_one population_1 state all
what is the largest state bordering arkansas ?	answer largest state next_to_2 stateid arkansas 
what is the average population per square km in pennsylvania ?	answer density_1 stateid pennsylvania 
what is the biggest city in the smallest state ?	answer largest city loc_2 smallest state all
what is the population of springfield south dakota ?	answer population_1 cityid springfield sd 
what is the capital of maine ?	answer capital loc_2 stateid maine 
what is the area of alaska ?	answer area_1 stateid alaska 
what texas city has the largest population ?	answer largest_one population_1 city loc_2 stateid texas 
give me the states that border utah .	answer state next_to_2 stateid utah 
what are the major cities in alabama ?	answer major city loc_2 stateid alabama 
which state has the lowest point that borders idaho ?	answer state loc_1 lowest place loc_2 next_to_2 stateid idaho 
how big is texas ?	answer size stateid texas 
give me the cities in usa .	answer city loc_2 countryid usa 
how many states have a city named springfield ?	answer count state loc_1 city cityid springfield _
name the 50 capitals in the usa .	answer capital loc_2 countryid usa 
what is the highest elevation in new mexico ?	answer highest place loc_2 stateid new mexico 
how big is new mexico ?	answer size stateid new mexico 
what cities are located in pennsylvania ?	answer city loc_2 stateid pennsylvania 
what is the largest state bordering texas ?	answer largest state next_to_2 stateid texas 
what states have cities named portland ?	answer state loc_1 city cityid portland _
what states does the delaware river run through ?	answer state traverse_1 river riverid delaware 
number of citizens in boulder ?	answer population_1 cityid boulder _
what states surround kentucky ?	answer state next_to_2 stateid kentucky 
what states have no bordering state ?	answer exclude state all next_to_2 state all
which states does the longest river run through ?	answer state traverse_1 longest river all
how many cities named austin are there in the usa ?	answer count intersection city cityid austin _ loc_2 countryid usa 
what rivers flow through missouri ?	answer river traverse_2 stateid missouri 
where is portland ?	answer loc_1 cityid portland _
what states border states that the ohio runs through ?	answer state next_to_2 state traverse_1 riverid ohio 
how many cities are in louisiana ?	answer count city loc_2 stateid louisiana 
which states does the missouri river run through ?	answer state traverse_1 river riverid missouri 
what is the highest point in the states bordering colorado ?	answer highest place loc_2 state next_to_2 stateid colorado 
what states border the mississippi river ?	answer state next_to_2 river riverid mississippi 
what state has the shortest river ?	answer state loc_1 shortest river all
what are the major cities in rhode island ?	answer major city loc_2 stateid rhode island 
what states border indiana ?	answer state next_to_2 stateid indiana 
what states border kentucky ?	answer state next_to_2 stateid kentucky 
what is the lowest point in massachusetts ?	answer lowest place loc_2 stateid massachusetts 
what is the smallest state through which the longest river runs ?	answer smallest state traverse_1 longest river all
what is the highest point in wyoming ?	answer highest place loc_2 stateid wyoming 
what is the area of the largest state ?	answer area_1 largest state all
what is the population of erie pennsylvania ?	answer population_1 cityid erie pa 
what is the biggest city in oregon ?	answer largest city loc_2 stateid oregon 
count the states which have elevations lower than what alabama has .	answer count state low_point_2 lower_2 low_point_1 stateid alabama 
show major cities in colorado .	answer major city loc_2 stateid colorado 
what is the highest point of the state with the largest area ?	answer highest place loc_2 largest_one area_1 state all
how high is the highest point of louisiana ?	answer elevation_1 highest place loc_2 stateid louisiana 
what is the highest point in the usa ?	answer highest place loc_2 countryid usa 
what is the size of california ?	answer size stateid california 
how many citizens in boulder ?	answer population_1 cityid boulder _
what state is the biggest ?	answer largest state all
which of the states bordering pennsylvania has the largest population ?	answer largest_one population_1 state next_to_2 stateid pennsylvania 
what is the highest point in florida ?	answer highest place loc_2 stateid florida 
what states border the most populous state ?	answer state next_to_2 largest_one population_1 state all
what state has the highest population density ?	answer largest_one density_1 state all
where are mountains ?	answer loc_1 mountain all
what river traverses the state which borders the most states ?	answer river traverse_2 most state next_to_2 state all
what is the largest state traversed by the mississippi river ?	answer largest state traverse_1 river riverid mississippi 
what state is the largest in population ?	answer largest_one population_1 state all
what is the largest capital city in the usa ?	answer largest capital city loc_2 countryid usa 
what is the shortest river in the us ?	answer shortest river loc_2 countryid usa 
how many people live in spokane washington ?	answer population_1 cityid spokane wa 
what is the biggest city in nebraska ?	answer largest city loc_2 stateid nebraska 
what is the largest capital ?	answer largest capital all
how many states does the colorado river flow through ?	answer count state traverse_1 river riverid colorado 
how many states have major rivers ?	answer count state loc_1 major river all
what is the capital of maryland ?	answer capital loc_2 stateid maryland 
what is the length of the longest river in the usa ?	answer len longest river loc_2 countryid usa 
what is the biggest city in georgia ?	answer largest city loc_2 stateid georgia 
what are the major cities of texas ?	answer major city loc_2 stateid texas 
how long is the shortest river in the usa ?	answer len shortest river loc_2 countryid usa 
what is the lowest point in oregon ?	answer lowest place loc_2 stateid oregon 
where is houston ?	answer loc_1 cityid houston _
which state has the greatest population ?	answer largest_one population_1 state all
which state has the smallest area that borders texas ?	answer smallest_one area_1 state next_to_2 stateid texas 
what is the size of florida ?	answer size stateid florida 
what is the population density of texas ?	answer density_1 stateid texas 
which city in california has the largest population ?	answer largest_one population_1 city loc_2 stateid california 
what state has the smallest area ?	answer smallest_one area_1 state all
which states border the state with the smallest area ?	answer state next_to_2 smallest_one area_1 state all
what is the length of the colorado river in texas ?	answer len intersection riverid colorado river loc_2 stateid texas 
what states have cities named salt lake city ?	answer state loc_1 city cityid salt lake city _
what state is austin in ?	answer state loc_1 cityid austin _
what are the lakes in states bordering texas ?	answer lake loc_2 state next_to_2 stateid texas 
how many people live in riverside ?	answer population_1 cityid riverside _
what rivers flow though colorado ?	answer river traverse_2 stateid colorado 
what is the biggest city in louisiana ?	answer largest city loc_2 stateid louisiana 
what is the capital of new jersey ?	answer capital loc_2 stateid new jersey 
how many people live in minneapolis minnesota ?	answer population_1 cityid minneapolis mn 
what is the largest of the states that the rio grande runs through ?	answer largest state traverse_1 riverid rio grande 
how many states have cities or towns named springfield ?	answer count state loc_1 city cityid springfield _
san antonio is in what state ?	answer state loc_1 cityid san antonio _
what is the elevation of the highest point in the usa ?	answer elevation_1 highest place loc_2 countryid usa 
which states border iowa ?	answer state next_to_2 stateid iowa 
what is the largest state that borders california ?	answer largest state next_to_2 stateid california 
give me the largest state .	answer largest state all
what are the major cities in the state of california ?	answer major city loc_2 state stateid california 
what is the highest point in texas ?	answer highest place loc_2 stateid texas 
what rivers run through louisiana ?	answer river traverse_2 stateid louisiana 
what is the capital of indiana ?	answer capital loc_2 stateid indiana 
what is the area of wisconsin ?	answer area_1 stateid wisconsin 
what capital has the largest population ?	answer largest_one population_1 capital all
what state has the most people ?	answer largest_one population_1 state all
what is the most populated capital in the usa ?	answer largest_one population_1 capital loc_2 countryid usa 
what are the major cities in missouri ?	answer major city loc_2 stateid missouri 
what is the largest city in missouri ?	answer largest city loc_2 stateid missouri 
which states border michigan ?	answer state next_to_2 stateid michigan 
what is the lowest elevation in pennsylvania ?	answer lowest place loc_2 stateid pennsylvania 
where is the highest mountain of the united states ?	answer highest mountain loc_2 countryid usa 
how many rivers does colorado have ?	answer count river loc_2 stateid colorado 
what is the highest point in maine ?	answer highest place loc_2 stateid maine 
what is the lowest point in mississippi ?	answer lowest place loc_2 stateid mississippi 
which state has the most rivers running through it ?	answer most state traverse_1 river all
what rivers run through new york ?	answer river traverse_2 stateid new york 
population of boulder ?	answer population_1 cityid boulder _
what is the largest city in the smallest state in the usa ?	answer largest city loc_2 smallest state loc_2 countryid usa 
how many states border at least one other state ?	answer count state next_to_2 state all
what is the biggest city in wyoming ?	answer largest city loc_2 stateid wyoming 
how high is the highest point in america ?	answer elevation_1 highest place loc_2 countryid usa 
what states does the mississippi river run through ?	answer state traverse_1 river riverid mississippi 
how many states have a higher point than the highest point of the state with the largest capital city in the us ?	answer count state loc_1 place higher_2 highest place loc_2 state loc_1 largest capital city loc_2 countryid usa 
what is the longest river in texas ?	answer longest river loc_2 stateid texas 
how many rivers are in colorado ?	answer count river loc_2 stateid colorado 
what is the longest river that flows through colorado ?	answer longest river traverse_2 stateid colorado 
what states border hawaii ?	answer state next_to_2 stateid hawaii 
what is the area of new mexico ?	answer area_1 stateid new mexico 
what is the population of the largest state ?	answer population_1 largest state all
what is the capital of colorado ?	answer capital loc_2 stateid colorado 
what cities in california ?	answer city loc_2 stateid california 
where is indianapolis ?	answer loc_1 cityid indianapolis _
what is the population of the capital of the smallest state ?	answer population_1 capital loc_2 smallest state all
what state has the most cities ?	answer most state loc_1 city all
what is the population of the capital of the largest state ?	answer population_1 capital loc_2 largest state all
what is largest capital ?	answer largest capital all
what is the tallest mountain in the united states ?	answer highest mountain loc_2 countryid usa 
which state is the largest city in montana in ?	answer state loc_1 largest city loc_2 stateid montana 
what is the lowest point in louisiana ?	answer lowest place loc_2 stateid louisiana 
what major cities are located in pennsylvania ?	answer major city loc_2 stateid pennsylvania 
how many rivers are in missouri ?	answer count river loc_2 stateid missouri 
what is the highest point in the country ?	answer highest place loc_2 countryid usa 
which states have cities named austin ?	answer state loc_1 city cityid austin _
what s the largest city ?	answer largest city all
what is the high point of wyoming ?	answer high_point_1 stateid wyoming 
